-- phpMyAdmin SQL Dump
-- version 5.0.2
-- https://www.phpmyadmin.net/
--
-- Host: localhost
-- Generation Time: Jul 08, 2021 at 02:35 PM
-- Server version: 5.7.34-0ubuntu0.18.04.1
-- PHP Version: 8.0.8

SET SQL_MODE = "NO_AUTO_VALUE_ON_ZERO";
START TRANSACTION;
SET time_zone = "+00:00";


/*!40101 SET @OLD_CHARACTER_SET_CLIENT=@@CHARACTER_SET_CLIENT */;
/*!40101 SET @OLD_CHARACTER_SET_RESULTS=@@CHARACTER_SET_RESULTS */;
/*!40101 SET @OLD_COLLATION_CONNECTION=@@COLLATION_CONNECTION */;
/*!40101 SET NAMES utf8mb4 */;

--
-- Database: `ta_bi`
--

-- --------------------------------------------------------

--
-- Table structure for table `dim_absensi`
--

CREATE TABLE `dim_absensi` (
  `id_absensi` int(11) NOT NULL,
  `absensi` varchar(50) NOT NULL
) ENGINE=InnoDB DEFAULT CHARSET=utf8mb4;

--
-- Dumping data for table `dim_absensi`
--

INSERT INTO `dim_absensi` (`id_absensi`, `absensi`) VALUES
(1, 'Izin'),
(2, 'Sakit'),
(3, 'Alpa');

-- --------------------------------------------------------

--
-- Table structure for table `dim_guru`
--

CREATE TABLE `dim_guru` (
  `id_guru` int(11) NOT NULL,
  `nip_guru` int(11) NOT NULL,
  `nama_guru` varchar(100) NOT NULL,
  `gelar_pendidikan` varchar(100) CHARACTER SET utf16 COLLATE utf16_bin NOT NULL,
  `mapel_diampu` varchar(100) NOT NULL,
  `relevan` varchar(100) NOT NULL
) ENGINE=InnoDB DEFAULT CHARSET=utf8mb4;

--
-- Dumping data for table `dim_guru`
--

INSERT INTO `dim_guru` (`id_guru`, `nip_guru`, `nama_guru`, `gelar_pendidikan`, `mapel_diampu`, `relevan`) VALUES
(1, 1234567, 'Yulmi Safdi', ' S.Pd', 'Kepala Sekolah', 'Relevan'),
(2, 23434, 'Ali Amat Harahap', ' S.Pd', 'Matematika', 'Relevan'),
(3, 987654, 'Gusri Rizki', ' S.Pd.I', 'Tematik', 'Relevan'),
(4, 987654, 'Gusri Rizki', ' S.Pd.I', ' Skill', 'Relevan'),
(5, 987654, 'Gusri Rizki', ' S.Pd.I', ' Tallaqi', 'Relevan'),
(6, 34534, 'Nyi Astuti', ' S.Pd', 'Tematik', 'Relevan'),
(7, 34534, 'Nyi Astuti', ' S.Pd', ' Skill', 'Relevan'),
(8, 34534, 'Nyi Astuti', ' S.Pd', ' Tallaqi', 'Relevan'),
(9, 76543, 'Husnaini', ' S.TP', 'Agama Islam', 'Tidak Relevan'),
(10, 345435, 'Adha', ' S.Pd', 'Outbound', 'Relevan'),
(11, 2434, 'Arif Prayetno', ' S.T', 'Outbound', 'Tidak Relevan'),
(12, 45345, 'Gusnita', ' S.Pd.I', 'Tematik', 'Relevan'),
(13, 45345, 'Gusnita', ' S.Pd.I', ' Skill', 'Relevan'),
(14, 45345, 'Gusnita', ' S.Pd.I', ' Tallaqi', 'Relevan'),
(15, 7566, 'Sutrisno', ' A.Md', 'Tematik', 'Relevan'),
(16, 7566, 'Sutrisno', ' A.Md', ' Skill', 'Relevan'),
(17, 7566, 'Sutrisno', ' A.Md', ' Tallaqi', 'Relevan'),
(18, 7765, 'Arik Jatmiko', ' S.Pd', 'Seni Budaya dan Keterampilan', 'Relevan'),
(19, 6769, 'Ikhsan Akbar', ' S.Pdi', 'Tematik', 'Relevan'),
(20, 6769, 'Ikhsan Akbar', ' S.Pdi', ' Skill', 'Relevan'),
(21, 6769, 'Ikhsan Akbar', ' S.Pdi', ' Tallaqi', 'Relevan'),
(22, 46909, 'Kamil Hakimi', ' S.Pd.I', 'Tematik', 'Relevan'),
(23, 46909, 'Kamil Hakimi', ' S.Pd.I', ' Skill', 'Relevan'),
(24, 46909, 'Kamil Hakimi', ' S.Pd.I', ' Tallaqi', 'Relevan'),
(25, 89877, 'Novrianto', ' S.TP', 'Tematik', 'Tidak Relevan'),
(26, 89877, 'Novrianto', ' S.TP', ' Skill', 'Tidak Relevan'),
(27, 89877, 'Novrianto', ' S.TP', ' Tallaqi', 'Tidak Relevan'),
(28, 6795, 'Nazaruddin', ' S.Pd', 'Tematik', 'Relevan'),
(29, 6795, 'Nazaruddin', ' S.Pd', ' Skill', 'Relevan'),
(30, 6795, 'Nazaruddin', ' S.Pd', ' Tallaqi', 'Relevan'),
(31, 34335, 'Yudha Rindu Kurnia', ' S.Pd', 'Tematik', 'Relevan'),
(32, 34335, 'Yudha Rindu Kurnia', ' S.Pd', ' Skill', 'Relevan'),
(33, 34335, 'Yudha Rindu Kurnia', ' S.Pd', ' Tallaqi', 'Relevan'),
(34, 67899, 'Ziadatul fauzi', ' S.Pd.I', 'Tematik', 'Relevan'),
(35, 67899, 'Ziadatul fauzi', ' S.Pd.I', ' Skill', 'Relevan'),
(36, 67899, 'Ziadatul fauzi', ' S.Pd.I', ' Tallaqi', 'Relevan'),
(37, 99887, 'Zuriman', ' S.Pd.I', 'Tematik', 'Relevan'),
(38, 99887, 'Zuriman', ' S.Pd.I', ' Skill', 'Relevan'),
(39, 99887, 'Zuriman', ' S.Pd.I', ' Tallaqi', 'Relevan'),
(40, 67655, 'Laila Isnaini Harahap', ' S.Si', 'Tematik', 'Relevan'),
(41, 67655, 'Laila Isnaini Harahap', ' S.Si', ' Skill', 'Relevan'),
(42, 67655, 'Laila Isnaini Harahap', ' S.Si', ' Tallaqi', 'Relevan'),
(43, 456788, 'Nurhaili', ' S.Si', 'Tematik', 'Relevan'),
(44, 456788, 'Nurhaili', ' S.Si', ' Skill', 'Relevan'),
(45, 456788, 'Nurhaili', ' S.Si', ' Tallaqi', 'Relevan'),
(46, 433579, 'Lenni Dora Nasution', ' S.Pd', 'Tematik', 'Relevan'),
(47, 433579, 'Lenni Dora Nasution', ' S.Pd', ' Skill', 'Relevan'),
(48, 433579, 'Lenni Dora Nasution', ' S.Pd', ' Tallaqi', 'Relevan'),
(49, 887766, 'Nikmatul Aslamiyah', ' SP', 'Tematik', 'Relevan'),
(50, 887766, 'Nikmatul Aslamiyah', ' SP', ' Skill', 'Relevan'),
(51, 887766, 'Nikmatul Aslamiyah', ' SP', ' Tallaqi', 'Relevan'),
(52, 77899, 'Rina Patu Rahmah', ' S.Pd', 'Tematik', 'Relevan'),
(53, 77899, 'Rina Patu Rahmah', ' S.Pd', ' Skill', 'Relevan'),
(54, 77899, 'Rina Patu Rahmah', ' S.Pd', ' Tallaqi', 'Relevan'),
(55, 66690, 'Siska Handayani', ' S.Pd', 'Tematik', 'Relevan'),
(56, 66690, 'Siska Handayani', ' S.Pd', ' Skill', 'Relevan'),
(57, 66690, 'Siska Handayani', ' S.Pd', ' Tallaqi', 'Relevan'),
(58, 75511, 'Yeni Afni Sari', ' S.Sos', 'Tematik', 'Relevan'),
(59, 75511, 'Yeni Afni Sari', ' S.Sos', ' Skill', 'Relevan'),
(60, 75511, 'Yeni Afni Sari', ' S.Sos', ' Tallaqi', 'Relevan'),
(61, 445658, 'Rika Aulya Purnama', ' S.Psi', 'Tematik', 'Relevan'),
(62, 445658, 'Rika Aulya Purnama', ' S.Psi', ' Skill', 'Relevan'),
(63, 445658, 'Rika Aulya Purnama', ' S.Psi', ' Tallaqi', 'Relevan'),
(64, 77000, 'Annisa', ' S.pd', 'Tematik', 'Relevan'),
(65, 77000, 'Annisa', ' S.pd', ' Skill', 'Relevan'),
(66, 77000, 'Annisa', ' S.pd', ' Tallaqi', 'Relevan'),
(67, 88543, 'Bastian Haditama', ' S.T', 'Tematik', 'Tidak Relevan'),
(68, 88543, 'Bastian Haditama', ' S.T', ' Skill', 'Tidak Relevan'),
(69, 88543, 'Bastian Haditama', ' S.T', ' Tallaqi', 'Tidak Relevan'),
(70, 56907, 'Desi Sakinah', ' SE', 'Tematik', 'Relevan'),
(71, 56907, 'Desi Sakinah', ' SE', ' Skill', 'Relevan'),
(72, 56907, 'Desi Sakinah', ' SE', ' Tallaqi', 'Relevan');

-- --------------------------------------------------------

--
-- Table structure for table `dim_prestasi`
--

CREATE TABLE `dim_prestasi` (
  `id_prestasi` int(11) NOT NULL,
  `nama_prestasi` varchar(50) NOT NULL,
  `kategori` varchar(50) NOT NULL
) ENGINE=InnoDB DEFAULT CHARSET=utf8mb4;

--
-- Dumping data for table `dim_prestasi`
--

INSERT INTO `dim_prestasi` (`id_prestasi`, `nama_prestasi`, `kategori`) VALUES
(1, 'Olimpiade Kimia', 'Akademik'),
(2, 'Mewarnai', 'Non-Akademik'),
(3, 'Memanah', 'Non-Akademik'),
(4, 'Berkuda', 'Non-Akademik'),
(5, 'Olimpiade Bahasa Inggris', 'Akademik'),
(6, 'Olimpiade Matematika', 'Akademik'),
(7, 'Olimpiade Sains', 'Akademik'),
(8, 'Jambore', 'Non-Akademik'),
(9, 'Renang', 'Non-Akademik');

-- --------------------------------------------------------

--
-- Table structure for table `dim_siswa`
--

CREATE TABLE `dim_siswa` (
  `id_siswa` int(11) NOT NULL,
  `nama_siswa` varchar(100) NOT NULL,
  `jenis_kelamin` varchar(50) NOT NULL
) ENGINE=InnoDB DEFAULT CHARSET=utf8mb4;

--
-- Dumping data for table `dim_siswa`
--

INSERT INTO `dim_siswa` (`id_siswa`, `nama_siswa`, `jenis_kelamin`) VALUES
(1, 'Abdullah Siddiq At Thufeil', 'L'),
(2, 'Ali Shadiq', 'L'),
(3, 'Alya Talita Elkhaira', 'P');

-- --------------------------------------------------------

--
-- Table structure for table `dim_tingkatan`
--

CREATE TABLE `dim_tingkatan` (
  `id_tingkatan` int(11) NOT NULL,
  `tingkatan` varchar(50) NOT NULL
) ENGINE=InnoDB DEFAULT CHARSET=utf8mb4;

--
-- Dumping data for table `dim_tingkatan`
--

INSERT INTO `dim_tingkatan` (`id_tingkatan`, `tingkatan`) VALUES
(1, 'SD'),
(2, 'TK'),
(3, 'SMP');

-- --------------------------------------------------------

--
-- Table structure for table `dim_waktu`
--

CREATE TABLE `dim_waktu` (
  `id_waktu` int(11) NOT NULL,
  `waktu_full` date NOT NULL,
  `tahun` int(50) NOT NULL
) ENGINE=InnoDB DEFAULT CHARSET=utf8mb4;

--
-- Dumping data for table `dim_waktu`
--

INSERT INTO `dim_waktu` (`id_waktu`, `waktu_full`, `tahun`) VALUES
(1, '2017-07-08', 2017),
(2, '2017-07-11', 2017),
(3, '2017-07-13', 2017),
(4, '2017-07-13', 2017),
(5, '2017-07-13', 2017),
(6, '2017-07-27', 2017),
(7, '2017-08-15', 2017),
(8, '2017-08-16', 2017),
(9, '2017-08-22', 2017),
(10, '2017-08-22', 2017),
(11, '2017-08-22', 2017),
(12, '2017-09-11', 2017),
(13, '2017-09-11', 2017),
(14, '2017-09-20', 2017),
(15, '2017-09-22', 2017),
(16, '2017-10-16', 2017),
(17, '2017-10-16', 2017),
(18, '2017-10-29', 2017),
(19, '2017-10-08', 2017),
(20, '2017-10-24', 2017),
(21, '2017-11-06', 2017),
(22, '2017-11-22', 2017),
(23, '2017-12-12', 2017),
(24, '2017-12-12', 2017),
(25, '2017-12-14', 2017),
(26, '2017-12-22', 2017),
(27, '2017-12-22', 2017),
(28, '2018-01-05', 2018),
(29, '2018-01-11', 2018),
(30, '2018-01-11', 2018),
(31, '2018-01-11', 2018),
(32, '2018-01-22', 2018),
(33, '2018-01-22', 2018),
(34, '2018-01-23', 2018),
(35, '2018-02-12', 2018),
(36, '2018-02-15', 2018),
(37, '2018-02-15', 2018),
(38, '2018-02-15', 2018),
(39, '2018-02-27', 2018),
(40, '2018-02-28', 2018),
(41, '2018-03-02', 2018),
(42, '2018-03-06', 2018),
(43, '2018-03-06', 2018),
(44, '2018-03-07', 2018),
(45, '2018-03-21', 2018),
(46, '2018-04-16', 2018),
(47, '2018-04-16', 2018),
(48, '2018-04-20', 2018),
(49, '2018-04-23', 2018),
(50, '2018-04-23', 2018),
(51, '2018-04-23', 2018),
(52, '2018-04-26', 2018),
(53, '2018-04-30', 2018),
(54, '2018-04-30', 2018),
(55, '2018-05-05', 2018),
(56, '2018-05-08', 2018),
(57, '2018-05-09', 2018),
(58, '2018-05-14', 2018),
(59, '2018-05-16', 2018),
(60, '2018-05-30', 2018),
(61, '2018-05-30', 2018),
(62, '2018-06-04', 2018),
(63, '2018-06-29', 2018),
(64, '2018-06-29', 2018),
(65, '2018-07-04', 2018),
(66, '2018-07-04', 2018),
(67, '2018-07-04', 2018),
(68, '2018-07-17', 2018),
(69, '2018-07-17', 2018),
(70, '2018-07-20', 2018),
(71, '2018-07-21', 2018),
(72, '2018-07-31', 2018),
(73, '2018-07-31', 2018),
(74, '2018-08-13', 2018),
(75, '2018-08-16', 2018),
(76, '2018-08-23', 2018),
(77, '2018-08-23', 2018),
(78, '2018-09-05', 2018),
(79, '2018-09-05', 2018),
(80, '2018-09-06', 2018),
(81, '2018-09-06', 2018),
(82, '2018-09-06', 2018),
(83, '2018-09-19', 2018),
(84, '2018-09-21', 2018),
(85, '2018-09-21', 2018),
(86, '2018-10-10', 2018),
(87, '2018-10-22', 2018),
(88, '2018-10-23', 2018),
(89, '2018-11-01', 2018),
(90, '2018-11-01', 2018),
(91, '2018-11-07', 2018),
(92, '2018-11-07', 2018),
(93, '2018-11-07', 2018),
(94, '2018-11-14', 2018),
(95, '2018-11-19', 2018),
(96, '2018-11-27', 2018),
(97, '2018-11-27', 2018),
(98, '2018-12-11', 2018),
(99, '2018-12-12', 2018),
(100, '2018-12-17', 2018),
(101, '2018-12-17', 2018),
(102, '2018-12-17', 2018),
(103, '2018-12-28', 2018),
(104, '2019-01-07', 2019),
(105, '2019-01-10', 2019),
(106, '2019-01-10', 2019),
(107, '2019-01-10', 2019),
(108, '2019-01-10', 2019),
(109, '2019-01-11', 2019),
(110, '2019-01-16', 2019),
(111, '2019-01-16', 2019),
(112, '2019-01-16', 2019),
(113, '2019-01-29', 2019),
(114, '2019-01-31', 2019),
(115, '2019-01-31', 2019),
(116, '2019-02-06', 2019),
(117, '2019-02-11', 2019),
(118, '2019-02-11', 2019),
(119, '2019-02-21', 2019),
(120, '2019-03-01', 2019),
(121, '2019-03-05', 2019),
(122, '2019-03-08', 2019),
(123, '2019-03-18', 2019),
(124, '2019-03-19', 2019),
(125, '2019-03-20', 2019),
(126, '2019-03-28', 2019),
(127, '2019-04-05', 2019),
(128, '2019-04-05', 2019),
(129, '2019-04-09', 2019),
(130, '2019-04-11', 2019),
(131, '2019-04-11', 2019),
(132, '2019-04-16', 2019),
(133, '2019-04-18', 2019),
(134, '2019-04-18', 2019),
(135, '2019-04-18', 2019),
(136, '2019-04-23', 2019),
(137, '2019-04-24', 2019),
(138, '2019-05-14', 2019),
(139, '2019-05-17', 2019),
(140, '2019-05-17', 2019),
(141, '2019-05-20', 2019),
(142, '2019-05-22', 2019),
(143, '2019-05-22', 2019),
(144, '2019-05-23', 2019),
(145, '2019-06-17', 2019),
(146, '2019-06-19', 2019),
(147, '2019-06-19', 2019),
(148, '2019-06-26', 2019),
(149, '2019-07-05', 2019),
(150, '2019-07-09', 2019),
(151, '2019-07-09', 2019),
(152, '2019-07-10', 2019),
(153, '2019-07-10', 2019),
(154, '2019-07-10', 2019),
(155, '2019-07-17', 2019),
(156, '2019-07-23', 2019),
(157, '2019-07-23', 2019),
(158, '2019-07-31', 2019),
(159, '2019-08-14', 2019),
(160, '2019-08-20', 2019),
(161, '2019-08-29', 2019),
(162, '2019-08-30', 2019),
(163, '2019-08-30', 2019),
(164, '2019-09-03', 2019),
(165, '2019-09-05', 2019),
(166, '2019-09-06', 2019),
(167, '2019-09-06', 2019),
(168, '2019-09-06', 2019),
(169, '2019-09-10', 2019),
(170, '2019-09-20', 2019),
(171, '2019-09-24', 2019),
(172, '2019-09-30', 2019),
(173, '2019-10-01', 2019),
(174, '2019-10-01', 2019),
(175, '2019-10-04', 2019),
(176, '2019-10-07', 2019),
(177, '2019-10-11', 2019),
(178, '2019-10-11', 2019),
(179, '2019-10-11', 2019),
(180, '2019-10-18', 2019),
(181, '2019-10-25', 2019),
(182, '2019-10-28', 2019),
(183, '2019-10-28', 2019),
(184, '2019-11-06', 2019),
(185, '2019-11-14', 2019),
(186, '2019-11-14', 2019),
(187, '2019-11-19', 2019),
(188, '2019-11-19', 2019),
(189, '2019-12-16', 2019),
(190, '2019-12-19', 2019),
(191, '2019-12-23', 2019),
(192, '2019-12-23', 2019),
(193, '2019-12-23', 2019),
(194, '2020-01-07', 2020),
(195, '2020-01-07', 2020),
(196, '2020-01-15', 2020),
(197, '2020-01-16', 2020),
(198, '2020-01-20', 2020),
(199, '2020-01-22', 2020),
(200, '2020-01-24', 2020),
(201, '2020-02-06', 2020),
(202, '2020-02-14', 2020),
(203, '2020-02-17', 2020),
(204, '2020-02-18', 2020),
(205, '2020-02-19', 2020),
(206, '2020-02-03', 2020),
(207, '2020-02-24', 2020),
(208, '2020-02-24', 2020),
(209, '2020-03-03', 2020),
(210, '2020-03-05', 2020),
(211, '2020-03-06', 2020),
(212, '2020-03-10', 2020),
(213, '2020-03-19', 2020),
(214, '2020-03-29', 2020),
(215, '2017-07-03', 2017),
(216, '2017-07-04', 2017),
(217, '2017-07-04', 2017),
(218, '2017-07-05', 2017),
(219, '2017-07-05', 2017),
(220, '2017-07-05', 2017),
(221, '2017-07-05', 2017),
(222, '2017-07-10', 2017),
(223, '2017-07-12', 2017),
(224, '2017-07-13', 2017),
(225, '2017-07-13', 2017),
(226, '2017-07-13', 2017),
(227, '2017-07-13', 2017),
(228, '2017-07-21', 2017),
(229, '2017-07-21', 2017),
(230, '2017-07-24', 2017),
(231, '2017-07-26', 2017),
(232, '2017-07-26', 2017),
(233, '2017-07-26', 2017),
(234, '2017-07-28', 2017),
(235, '2017-07-28', 2017),
(236, '2017-07-28', 2017),
(237, '2017-07-28', 2017),
(238, '2017-08-02', 2017),
(239, '2017-08-03', 2017),
(240, '2017-08-04', 2017),
(241, '2017-08-04', 2017),
(242, '2017-08-08', 2017),
(243, '2017-08-08', 2017),
(244, '2017-08-10', 2017),
(245, '2017-08-11', 2017),
(246, '2017-08-14', 2017),
(247, '2017-08-16', 2017),
(248, '2017-08-16', 2017),
(249, '2017-08-16', 2017),
(250, '2017-08-22', 2017),
(251, '2017-08-22', 2017),
(252, '2017-08-29', 2017),
(253, '2017-09-05', 2017),
(254, '2017-09-05', 2017),
(255, '2017-09-07', 2017),
(256, '2017-09-08', 2017),
(257, '2017-09-09', 2017),
(258, '2017-09-11', 2017),
(259, '2017-09-11', 2017),
(260, '2017-09-11', 2017),
(261, '2017-09-13', 2017),
(262, '2017-09-15', 2017),
(263, '2017-09-15', 2017),
(264, '2017-09-15', 2017),
(265, '2017-09-20', 2017),
(266, '2017-09-26', 2017),
(267, '2017-09-28', 2017),
(268, '2017-09-28', 2017),
(269, '2017-10-05', 2017),
(270, '2017-10-05', 2017),
(271, '2017-10-10', 2017),
(272, '2017-10-10', 2017),
(273, '2017-10-12', 2017),
(274, '2017-10-12', 2017),
(275, '2017-10-12', 2017),
(276, '2017-10-23', 2017),
(277, '2017-10-25', 2017),
(278, '2017-10-27', 2017),
(279, '2017-11-03', 2017),
(280, '2017-11-06', 2017),
(281, '2017-11-06', 2017),
(282, '2017-11-06', 2017),
(283, '2017-11-06', 2017),
(284, '2017-11-08', 2017),
(285, '2017-11-08', 2017),
(286, '2017-11-10', 2017),
(287, '2017-11-14', 2017),
(288, '2017-11-22', 2017),
(289, '2017-11-28', 2017),
(290, '2017-11-28', 2017),
(291, '2017-12-04', 2017),
(292, '2017-12-04', 2017),
(293, '2017-12-07', 2017),
(294, '2017-12-08', 2017),
(295, '2017-12-08', 2017),
(296, '2017-12-08', 2017),
(297, '2017-12-12', 2017),
(298, '2017-12-14', 2017),
(299, '2017-12-15', 2017),
(300, '2017-12-15', 2017),
(301, '2017-12-18', 2017),
(302, '2017-12-19', 2017),
(303, '2017-12-19', 2017),
(304, '2017-12-19', 2017),
(305, '2017-12-22', 2017),
(306, '2018-01-03', 2018),
(307, '2018-01-05', 2018),
(308, '2018-01-08', 2018),
(309, '2018-01-08', 2018),
(310, '2018-01-10', 2018),
(311, '2018-01-10', 2018),
(312, '2018-01-11', 2018),
(313, '2018-01-12', 2018),
(314, '2018-01-16', 2018),
(315, '2018-01-16', 2018),
(316, '2018-01-16', 2018),
(317, '2018-01-26', 2018),
(318, '2018-01-23', 2018),
(319, '2018-01-23', 2018),
(320, '2018-01-23', 2018),
(321, '2018-01-24', 2018),
(322, '2018-01-24', 2018),
(323, '2018-01-24', 2018),
(324, '2018-01-26', 2018),
(325, '2018-01-26', 2018),
(326, '2018-01-30', 2018),
(327, '2018-02-06', 2018),
(328, '2018-02-06', 2018),
(329, '2018-02-09', 2018),
(330, '2018-02-09', 2018),
(331, '2018-02-13', 2018),
(332, '2018-02-15', 2018),
(333, '2018-02-15', 2018),
(334, '2018-02-15', 2018),
(335, '2018-02-19', 2018),
(336, '2018-02-21', 2018),
(337, '2018-02-23', 2018),
(338, '2018-02-28', 2018),
(339, '2018-03-05', 2018),
(340, '2018-03-05', 2018),
(341, '2018-03-06', 2018),
(342, '2018-03-07', 2018),
(343, '2018-03-07', 2018),
(344, '2018-03-07', 2018),
(345, '2018-03-13', 2018),
(346, '2018-03-14', 2018),
(347, '2018-03-15', 2018),
(348, '2018-03-15', 2018),
(349, '2018-03-20', 2018),
(350, '2018-03-20', 2018),
(351, '2018-03-20', 2018),
(352, '2018-03-27', 2018),
(353, '2018-03-28', 2018),
(354, '2018-04-02', 2018),
(355, '2018-04-02', 2018),
(356, '2018-04-02', 2018),
(357, '2018-04-04', 2018),
(358, '2018-04-04', 2018),
(359, '2018-04-06', 2018),
(360, '2018-04-06', 2018),
(361, '2018-04-10', 2018),
(362, '2018-04-10', 2018),
(363, '2018-04-16', 2018),
(364, '2018-04-16', 2018),
(365, '2018-04-17', 2018),
(366, '2018-04-18', 2018),
(367, '2018-04-18', 2018),
(368, '2018-04-18', 2018),
(369, '2018-04-19', 2018),
(370, '2018-04-20', 2018),
(371, '2018-04-20', 2018),
(372, '2018-04-23', 2018),
(373, '2018-04-24', 2018),
(374, '2018-04-26', 2018),
(375, '2018-04-27', 2018),
(376, '2018-05-02', 2018),
(377, '2018-05-09', 2018),
(378, '2018-05-09', 2018),
(379, '2018-05-09', 2018),
(380, '2018-05-11', 2018),
(381, '2018-05-11', 2018),
(382, '2018-05-14', 2018),
(383, '2018-05-17', 2018),
(384, '2018-05-18', 2018),
(385, '2018-05-18', 2018),
(386, '2018-05-23', 2018),
(387, '2018-05-25', 2018),
(388, '2018-05-25', 2018),
(389, '2018-05-25', 2018),
(390, '2018-06-04', 2018),
(391, '2018-06-04', 2018),
(392, '2018-06-06', 2018),
(393, '2018-06-06', 2018),
(394, '2018-06-12', 2018),
(395, '2018-06-12', 2018),
(396, '2018-06-22', 2018),
(397, '2018-06-29', 2018),
(398, '2018-06-29', 2018),
(399, '2018-07-10', 2018),
(400, '2018-07-12', 2018),
(401, '2018-07-12', 2018),
(402, '2018-07-13', 2018),
(403, '2018-07-13', 2018),
(404, '2018-07-13', 2018),
(405, '2018-07-16', 2018),
(406, '2018-07-19', 2018),
(407, '2018-07-19', 2018),
(408, '2018-07-19', 2018),
(409, '2018-07-23', 2018),
(410, '2018-07-23', 2018),
(411, '2018-07-23', 2018),
(412, '2018-07-25', 2018),
(413, '2018-07-26', 2018),
(414, '2018-07-27', 2018),
(415, '2018-07-30', 2018),
(416, '2018-07-30', 2018),
(417, '2018-08-03', 2018),
(418, '2018-08-03', 2018),
(419, '2018-08-07', 2018),
(420, '2018-08-09', 2018),
(421, '2018-08-10', 2018),
(422, '2018-08-28', 2018),
(423, '2018-08-30', 2018),
(424, '2018-08-30', 2018),
(425, '2018-09-05', 2018),
(426, '2018-09-05', 2018),
(427, '2018-09-06', 2018),
(428, '2018-09-06', 2018),
(429, '2018-09-14', 2018),
(430, '2018-09-19', 2018),
(431, '2018-09-21', 2018),
(432, '2018-09-21', 2018),
(433, '2018-10-03', 2018),
(434, '2018-10-03', 2018),
(435, '2018-10-03', 2018),
(436, '2018-10-04', 2018),
(437, '2018-10-04', 2018),
(438, '2018-10-08', 2018),
(439, '2018-10-10', 2018),
(440, '2018-10-11', 2018),
(441, '2018-10-23', 2018),
(442, '2018-11-01', 2018),
(443, '2018-11-01', 2018),
(444, '2018-11-02', 2018),
(445, '2018-11-07', 2018),
(446, '2018-11-07', 2018),
(447, '2018-11-08', 2018),
(448, '2018-11-19', 2018),
(449, '2018-11-27', 2018),
(450, '2018-11-27', 2018),
(451, '2018-12-06', 2018),
(452, '2018-12-06', 2018),
(453, '2018-12-07', 2018),
(454, '2018-12-10', 2018),
(455, '2018-12-10', 2018),
(456, '2018-12-11', 2018),
(457, '2018-12-11', 2018),
(458, '2018-12-11', 2018),
(459, '2018-12-19', 2018),
(460, '2018-12-19', 2018),
(461, '2018-12-21', 2018),
(462, '2018-12-26', 2018),
(463, '2019-01-02', 2019),
(464, '2019-01-02', 2019),
(465, '2019-01-03', 2019),
(466, '2019-01-03', 2019),
(467, '2019-01-03', 2019),
(468, '2019-01-07', 2019),
(469, '2019-01-10', 2019),
(470, '2019-01-10', 2019),
(471, '2019-01-11', 2019),
(472, '2019-01-15', 2019),
(473, '2019-01-23', 2019),
(474, '2019-01-23', 2019),
(475, '2019-01-24', 2019),
(476, '2019-01-25', 2019),
(477, '2019-01-25', 2019),
(478, '2019-01-25', 2019),
(479, '2019-01-25', 2019),
(480, '2019-01-29', 2019),
(481, '2019-01-29', 2019),
(482, '2019-01-30', 2019),
(483, '2019-01-30', 2019),
(484, '2019-01-30', 2019),
(485, '2019-01-31', 2019),
(486, '2019-01-31', 2019),
(487, '2019-02-12', 2019),
(488, '2019-02-11', 2019),
(489, '2019-02-11', 2019),
(490, '2019-02-14', 2019),
(491, '2019-02-19', 2019),
(492, '2019-02-19', 2019),
(493, '2019-02-20', 2019),
(494, '2019-02-21', 2019),
(495, '2019-03-01', 2019),
(496, '2019-03-05', 2019),
(497, '2019-03-08', 2019),
(498, '2019-03-08', 2019),
(499, '2019-03-12', 2019),
(500, '2019-03-12', 2019),
(501, '2019-03-12', 2019),
(502, '2019-03-12', 2019),
(503, '2019-03-13', 2019),
(504, '2019-03-13', 2019),
(505, '2019-03-14', 2019),
(506, '2019-03-14', 2019),
(507, '2019-03-19', 2019),
(508, '2019-03-21', 2019),
(509, '2019-03-21', 2019),
(510, '2019-03-22', 2019),
(511, '2019-03-22', 2019),
(512, '2019-03-25', 2019),
(513, '2019-03-27', 2019),
(514, '2019-03-28', 2019),
(515, '2019-03-28', 2019),
(516, '2019-04-05', 2019),
(517, '2019-04-05', 2019),
(518, '2019-04-05', 2019),
(519, '2019-04-08', 2019),
(520, '2019-04-08', 2019),
(521, '2019-04-10', 2019),
(522, '2019-04-11', 2019),
(523, '2019-04-11', 2019),
(524, '2019-04-11', 2019),
(525, '2019-04-12', 2019),
(526, '2019-04-16', 2019),
(527, '2019-04-16', 2019),
(528, '2019-04-18', 2019),
(529, '2019-04-22', 2019),
(530, '2019-04-22', 2019),
(531, '2019-04-23', 2019),
(532, '2019-05-03', 2019),
(533, '2019-05-03', 2019),
(534, '2019-05-06', 2019),
(535, '2019-05-09', 2019),
(536, '2019-05-09', 2019),
(537, '2019-05-10', 2019),
(538, '2019-05-20', 2019),
(539, '2019-05-20', 2019),
(540, '2019-05-24', 2019),
(541, '2019-05-24', 2019),
(542, '2019-05-28', 2019),
(543, '2019-05-29', 2019),
(544, '2019-05-29', 2019),
(545, '2019-05-31', 2019),
(546, '2019-06-17', 2019),
(547, '2019-06-19', 2019),
(548, '2019-06-19', 2019),
(549, '2019-06-20', 2019),
(550, '2019-06-26', 2019),
(551, '2019-06-26', 2019),
(552, '2019-07-03', 2019),
(553, '2019-07-03', 2019),
(554, '2019-07-03', 2019),
(555, '2019-07-04', 2019),
(556, '2019-07-08', 2019),
(557, '2019-07-10', 2019),
(558, '2019-07-17', 2019),
(559, '2019-07-17', 2019),
(560, '2019-07-17', 2019),
(561, '2019-07-21', 2019),
(562, '2019-07-21', 2019),
(563, '2019-07-24', 2019),
(564, '2019-07-28', 2019),
(565, '2019-07-28', 2019),
(566, '2019-07-30', 2019),
(567, '2019-07-30', 2019),
(568, '2019-07-31', 2019),
(569, '2019-07-31', 2019),
(570, '2018-08-07', 2018),
(571, '2018-08-09', 2018),
(572, '2018-08-09', 2018),
(573, '2018-08-14', 2018),
(574, '2018-08-14', 2018),
(575, '2018-08-14', 2018),
(576, '2018-08-21', 2018),
(577, '2018-08-23', 2018),
(578, '2018-08-27', 2018),
(579, '2018-08-27', 2018),
(580, '2018-08-27', 2018),
(581, '2018-08-27', 2018),
(582, '2019-09-03', 2019),
(583, '2019-09-05', 2019),
(584, '2019-09-06', 2019),
(585, '2019-09-06', 2019),
(586, '2019-09-06', 2019),
(587, '2019-09-10', 2019),
(588, '2019-09-20', 2019),
(589, '2019-09-24', 2019),
(590, '2019-10-01', 2019),
(591, '2019-10-01', 2019),
(592, '2019-10-04', 2019),
(593, '2019-10-07', 2019),
(594, '2019-10-11', 2019),
(595, '2019-10-11', 2019),
(596, '2019-10-11', 2019),
(597, '2019-10-18', 2019),
(598, '2019-10-25', 2019),
(599, '2019-10-28', 2019),
(600, '2019-10-28', 2019),
(601, '2019-11-06', 2019),
(602, '2019-11-14', 2019),
(603, '2019-11-14', 2019),
(604, '2019-11-19', 2019),
(605, '2019-11-19', 2019),
(606, '2019-12-16', 2019),
(607, '2019-12-19', 2019),
(608, '2019-12-23', 2019),
(609, '2019-12-23', 2019),
(610, '2019-12-23', 2019),
(611, '2020-01-07', 2020),
(612, '2020-01-15', 2020),
(613, '2020-01-15', 2020),
(614, '2020-01-16', 2020),
(615, '2020-01-20', 2020),
(616, '2020-01-22', 2020),
(617, '2020-01-24', 2020),
(618, '2020-02-06', 2020),
(619, '2020-02-14', 2020),
(620, '2020-02-17', 2020),
(621, '2020-02-17', 2020),
(622, '2020-02-17', 2020),
(623, '2020-02-03', 2020),
(624, '2020-02-24', 2020),
(625, '2020-02-24', 2020),
(626, '2020-03-03', 2020),
(627, '2020-03-05', 2020),
(628, '2020-03-06', 2020),
(629, '2020-03-10', 2020),
(630, '2020-03-19', 2020),
(631, '2020-03-19', 2020),
(632, '2017-09-12', 2017),
(633, '2017-02-13', 2017),
(634, '2017-02-22', 2017),
(635, '2017-03-01', 2017),
(636, '2017-03-21', 2017),
(637, '2017-03-27', 2017),
(638, '2017-04-16', 2017),
(639, '2018-05-03', 2018),
(640, '2018-05-18', 2018),
(641, '2018-08-08', 2018),
(642, '2018-12-10', 2018),
(643, '2019-02-03', 2019),
(644, '2019-02-23', 2019),
(645, '2019-04-12', 2019),
(646, '2019-05-28', 2019),
(647, '2019-09-17', 2019),
(648, '2019-09-29', 2019);

-- --------------------------------------------------------

--
-- Table structure for table `fact_absensi`
--

CREATE TABLE `fact_absensi` (
  `id_fact_absensi` int(11) NOT NULL,
  `id_waktu` int(11) NOT NULL,
  `id_tingkatan` varchar(100) NOT NULL,
  `jenis_kelamin` varchar(100) NOT NULL,
  `id_absensi` varchar(100) NOT NULL
) ENGINE=InnoDB DEFAULT CHARSET=utf8mb4;

--
-- Dumping data for table `fact_absensi`
--

INSERT INTO `fact_absensi` (`id_fact_absensi`, `id_waktu`, `id_tingkatan`, `jenis_kelamin`, `id_absensi`) VALUES
(1, 1, '2', 'L', '1'),
(2, 2, '2', 'L', '2'),
(3, 3, '2', 'P', '2'),
(4, 4, '2', 'P', '2'),
(5, 5, '2', 'P', '3'),
(6, 6, '2', 'P', '2'),
(7, 7, '2', 'L', '3'),
(8, 8, '2', 'L', '1'),
(9, 9, '2', 'P', '2'),
(10, 10, '2', 'P', '2'),
(11, 11, '2', 'P', '2'),
(12, 12, '3', 'L', '3'),
(13, 13, '3', 'L', '1'),
(14, 14, '3', 'L', '2'),
(15, 15, '2', 'L', '2'),
(16, 16, '2', 'P', '2'),
(17, 17, '2', 'L', '3'),
(18, 18, '2', 'L', '1'),
(19, 19, '2', 'P', '2'),
(20, 20, '2', 'P', '3'),
(21, 21, '2', 'L', '1'),
(22, 22, '2', 'P', '1'),
(23, 23, '2', 'P', '1'),
(24, 24, '2', 'P', '1'),
(25, 25, '2', 'L', '2'),
(26, 26, '2', 'L', '1'),
(27, 27, '2', 'P', '1'),
(28, 28, '2', 'L', '2'),
(29, 29, '2', 'P', '2'),
(30, 30, '2', 'L', '3'),
(31, 31, '2', 'L', '1'),
(32, 32, '2', 'L', '1'),
(33, 33, '2', 'L', '1'),
(34, 34, '2', 'P', '2'),
(35, 35, '2', 'P', '1'),
(36, 36, '2', 'P', '2'),
(37, 37, '2', 'P', '1'),
(38, 38, '2', 'L', '3'),
(39, 39, '2', 'P', '1'),
(40, 40, '2', 'L', '1'),
(41, 41, '2', 'L', '1'),
(42, 42, '2', 'P', '2'),
(43, 43, '2', 'P', '2'),
(44, 44, '2', 'L', '3'),
(45, 45, '2', 'L', '1'),
(46, 46, '2', 'L', '1'),
(47, 47, '2', 'P', '2'),
(48, 48, '2', 'L', '1'),
(49, 49, '2', 'L', '2'),
(50, 50, '2', 'P', '1'),
(51, 51, '2', 'L', '3'),
(52, 52, '2', 'L', '2'),
(53, 53, '2', 'P', '1'),
(54, 54, '2', 'P', '1'),
(55, 55, '2', 'L', '1'),
(56, 56, '2', 'L', '2'),
(57, 57, '2', 'P', '2'),
(58, 58, '2', 'P', '2'),
(59, 59, '2', 'P', '3'),
(60, 60, '2', 'P', '1'),
(61, 61, '2', 'P', '1'),
(62, 62, '2', 'L', '3'),
(63, 63, '2', 'L', '2'),
(64, 64, '2', 'P', '2'),
(65, 65, '2', 'L', '1'),
(66, 66, '2', 'P', '3'),
(67, 67, '2', 'P', '1'),
(68, 68, '2', 'P', '1'),
(69, 69, '2', 'L', '3'),
(70, 70, '2', 'P', '2'),
(71, 71, '2', 'P', '1'),
(72, 72, '2', 'P', '1'),
(73, 73, '2', 'L', '1'),
(74, 74, '2', 'L', '2'),
(75, 75, '2', 'L', '1'),
(76, 76, '2', 'L', '1'),
(77, 77, '2', 'P', '1'),
(78, 78, '2', 'P', '2'),
(79, 79, '2', 'P', '2'),
(80, 80, '2', 'L', '1'),
(81, 81, '2', 'P', '2'),
(82, 82, '2', 'L', '3'),
(83, 83, '2', 'L', '2'),
(84, 84, '2', 'P', '1'),
(85, 85, '2', 'L', '3'),
(86, 86, '2', 'P', '1'),
(87, 87, '2', 'P', '2'),
(88, 88, '2', 'P', '3'),
(89, 89, '2', 'L', '2'),
(90, 90, '2', 'L', '3'),
(91, 91, '2', 'P', '1'),
(92, 92, '2', 'L', '1'),
(93, 93, '2', 'P', '1'),
(94, 94, '2', 'L', '3'),
(95, 95, '2', 'P', '2'),
(96, 96, '2', 'L', '2'),
(97, 97, '2', 'L', '1'),
(98, 98, '2', 'L', '3'),
(99, 99, '2', 'L', '1'),
(100, 100, '2', 'P', '2'),
(101, 101, '2', 'P', '2'),
(102, 102, '2', 'P', '1'),
(103, 103, '2', 'P', '1'),
(104, 104, '2', 'L', '2'),
(105, 105, '2', 'P', '1'),
(106, 106, '2', 'L', '3'),
(107, 107, '2', 'P', '1'),
(108, 108, '2', 'P', '2'),
(109, 109, '2', 'P', '3'),
(110, 110, '2', 'L', '2'),
(111, 111, '2', 'L', '3'),
(112, 112, '2', 'P', '1'),
(113, 113, '2', 'L', '1'),
(114, 114, '2', 'P', '1'),
(115, 115, '2', 'L', '3'),
(116, 116, '2', 'P', '2'),
(117, 117, '2', 'L', '2'),
(118, 118, '2', 'L', '1'),
(119, 119, '2', 'L', '3'),
(120, 120, '2', 'L', '1'),
(121, 121, '2', 'P', '2'),
(122, 122, '2', 'P', '2'),
(123, 123, '2', 'P', '1'),
(124, 124, '2', 'P', '1'),
(125, 125, '2', 'L', '3'),
(126, 126, '2', 'L', '2'),
(127, 127, '2', 'P', '2'),
(128, 128, '2', 'P', '2'),
(129, 129, '2', 'P', '3'),
(130, 130, '2', 'P', '2'),
(131, 131, '2', 'L', '3'),
(132, 132, '2', 'L', '1'),
(133, 133, '2', 'P', '2'),
(134, 134, '2', 'P', '2'),
(135, 135, '2', 'L', '1'),
(136, 136, '2', 'L', '2'),
(137, 137, '2', 'L', '2'),
(138, 138, '2', 'P', '2'),
(139, 139, '2', 'L', '2'),
(140, 140, '2', 'P', '2'),
(141, 141, '2', 'P', '2'),
(142, 142, '2', 'L', '1'),
(143, 143, '2', 'P', '1'),
(144, 144, '2', 'P', '3'),
(145, 145, '2', 'L', '3'),
(146, 146, '2', 'L', '1'),
(147, 147, '2', 'P', '1'),
(148, 148, '2', 'L', '1'),
(149, 149, '2', 'L', '2'),
(150, 150, '2', 'L', '1'),
(151, 151, '2', 'P', '2'),
(152, 152, '2', 'P', '2'),
(153, 153, '2', 'L', '1'),
(154, 154, '2', 'P', '2'),
(155, 155, '2', 'L', '3'),
(156, 156, '2', 'L', '2'),
(157, 157, '2', 'L', '2'),
(158, 158, '2', 'P', '1'),
(159, 159, '2', 'P', '1'),
(160, 160, '2', 'L', '1'),
(161, 161, '2', 'L', '2'),
(162, 162, '2', 'L', '2'),
(163, 163, '2', 'P', '3'),
(164, 164, '2', 'P', '2'),
(165, 165, '2', 'L', '2'),
(166, 166, '2', 'P', '1'),
(167, 167, '2', 'P', '1'),
(168, 168, '2', 'P', '1'),
(169, 169, '2', 'P', '2'),
(170, 170, '2', 'P', '1'),
(171, 171, '2', 'L', '1'),
(172, 172, '2', 'P', '2'),
(173, 173, '2', 'P', '2'),
(174, 174, '2', 'L', '2'),
(175, 175, '2', 'L', '1'),
(176, 176, '2', 'P', '2'),
(177, 177, '2', 'L', '2'),
(178, 178, '2', 'P', '2'),
(179, 179, '2', 'P', '1'),
(180, 180, '2', 'L', '3'),
(181, 181, '2', 'P', '1'),
(182, 182, '2', 'L', '1'),
(183, 183, '2', 'P', '1'),
(184, 184, '2', 'P', '1'),
(185, 185, '2', 'L', '2'),
(186, 186, '2', 'L', '2'),
(187, 187, '2', 'P', '2'),
(188, 188, '2', 'P', '1'),
(189, 189, '2', 'P', '2'),
(190, 190, '2', 'P', '2'),
(191, 191, '2', 'L', '1'),
(192, 192, '2', 'L', '1'),
(193, 193, '2', 'P', '2'),
(194, 194, '2', 'P', '2'),
(195, 195, '2', 'P', '2'),
(196, 196, '2', 'P', '1'),
(197, 197, '2', 'L', '2'),
(198, 198, '2', 'L', '1'),
(199, 199, '2', 'L', '1'),
(200, 200, '2', 'L', '1'),
(201, 201, '2', 'P', '2'),
(202, 202, '2', 'P', '2'),
(203, 203, '2', 'L', '1'),
(204, 204, '2', 'L', '1'),
(205, 205, '2', 'P', '2'),
(206, 206, '2', 'P', '2'),
(207, 207, '2', 'P', '2'),
(208, 208, '2', 'L', '1'),
(209, 209, '2', 'P', '1'),
(210, 210, '2', 'L', '2'),
(211, 211, '2', 'P', '1'),
(212, 212, '2', 'L', '2'),
(213, 213, '2', 'L', '2'),
(214, 214, '2', 'L', '3'),
(215, 215, '1', 'P', '2'),
(216, 216, '1', 'L', '1'),
(217, 217, '1', 'L', '1'),
(218, 218, '1', 'P', '1'),
(219, 219, '1', 'P', '1'),
(220, 220, '1', 'L', '1'),
(221, 221, '1', 'L', '2'),
(222, 222, '1', 'L', '3'),
(223, 223, '1', 'L', '2'),
(224, 224, '1', 'P', '2'),
(225, 225, '1', 'P', '3'),
(226, 226, '1', 'L', '3'),
(227, 227, '1', 'P', '1'),
(228, 228, '1', 'L', '2'),
(229, 229, '1', 'L', '2'),
(230, 230, '1', 'P', '1'),
(231, 231, '1', 'L', '3'),
(232, 232, '1', 'L', '2'),
(233, 233, '1', 'L', '2'),
(234, 234, '1', 'P', '2'),
(235, 235, '1', 'L', '1'),
(236, 236, '1', 'L', '1'),
(237, 237, '1', 'L', '3'),
(238, 238, '1', 'L', '2'),
(239, 239, '1', 'L', '2'),
(240, 240, '1', 'P', '2'),
(241, 241, '1', 'P', '2'),
(242, 242, '1', 'L', '2'),
(243, 243, '1', 'L', '2'),
(244, 244, '1', 'L', '1'),
(245, 245, '1', 'P', '1'),
(246, 246, '1', 'P', '1'),
(247, 247, '1', 'L', '3'),
(248, 248, '1', 'P', '2'),
(249, 249, '1', 'P', '2'),
(250, 250, '1', 'L', '1'),
(251, 251, '1', 'L', '1'),
(252, 252, '1', 'L', '1'),
(253, 253, '1', 'L', '1'),
(254, 254, '1', 'L', '1'),
(255, 255, '1', 'P', '2'),
(256, 256, '1', 'P', '1'),
(257, 257, '1', 'P', '1'),
(258, 258, '1', 'L', '2'),
(259, 259, '1', 'L', '2'),
(260, 260, '1', 'P', '2'),
(261, 261, '1', 'L', '1'),
(262, 262, '1', 'L', '2'),
(263, 263, '1', 'L', '2'),
(264, 264, '1', 'L', '2'),
(265, 265, '1', 'L', '3'),
(266, 266, '1', 'P', '1'),
(267, 267, '1', 'P', '2'),
(268, 268, '1', 'L', '3'),
(269, 269, '1', 'P', '1'),
(270, 270, '1', 'P', '1'),
(271, 271, '1', 'P', '1'),
(272, 272, '1', 'P', '1'),
(273, 273, '1', 'P', '2'),
(274, 274, '1', 'P', '2'),
(275, 275, '1', 'L', '1'),
(276, 276, '1', 'L', '1'),
(277, 277, '1', 'P', '2'),
(278, 278, '1', 'L', '2'),
(279, 279, '1', 'P', '2'),
(280, 280, '1', 'P', '2'),
(281, 281, '1', 'L', '3'),
(282, 282, '1', 'L', '1'),
(283, 283, '1', 'L', '1'),
(284, 284, '1', 'P', '2'),
(285, 285, '1', 'P', '2'),
(286, 286, '1', 'L', '2'),
(287, 287, '1', 'L', '2'),
(288, 288, '1', 'L', '2'),
(289, 289, '1', 'L', '1'),
(290, 290, '1', 'L', '1'),
(291, 291, '1', 'P', '2'),
(292, 292, '1', 'P', '2'),
(293, 293, '1', 'L', '2'),
(294, 294, '1', 'L', '3'),
(295, 295, '1', 'L', '1'),
(296, 296, '1', 'L', '1'),
(297, 297, '1', 'P', '2'),
(298, 298, '1', 'L', '1'),
(299, 299, '1', 'L', '1'),
(300, 300, '1', 'L', '2'),
(301, 301, '1', 'P', '2'),
(302, 302, '1', 'L', '3'),
(303, 303, '1', 'P', '1'),
(304, 304, '1', 'P', '1'),
(305, 305, '1', 'L', '1'),
(306, 306, '1', 'P', '2'),
(307, 307, '1', 'P', '1'),
(308, 308, '1', 'P', '1'),
(309, 309, '1', 'P', '2'),
(310, 310, '1', 'L', '2'),
(311, 311, '1', 'L', '2'),
(312, 312, '1', 'P', '1'),
(313, 313, '1', 'P', '1'),
(314, 314, '1', 'P', '1'),
(315, 315, '1', 'L', '1'),
(316, 316, '1', 'L', '2'),
(317, 317, '1', 'L', '3'),
(318, 318, '1', 'P', '2'),
(319, 319, '1', 'P', '2'),
(320, 320, '1', 'L', '2'),
(321, 321, '1', 'P', '1'),
(322, 322, '1', 'L', '2'),
(323, 323, '1', 'P', '1'),
(324, 324, '1', 'L', '2'),
(325, 325, '1', 'P', '1'),
(326, 326, '1', ' P', '1'),
(327, 327, '1', 'P', '2'),
(328, 328, '1', 'P', '2'),
(329, 329, '1', 'P', '1'),
(330, 330, '1', 'P', '1'),
(331, 331, '1', 'L', '2'),
(332, 332, '1', 'P', '1'),
(333, 333, '1', 'P', '1'),
(334, 334, '1', 'L', '2'),
(335, 335, '1', 'L', '2'),
(336, 336, '1', 'P', '1'),
(337, 337, '1', 'P', '1'),
(338, 338, '1', 'P', '3'),
(339, 339, '1', 'L', '2'),
(340, 340, '1', 'L', '2'),
(341, 341, '1', 'P', '2'),
(342, 342, '1', 'L', '3'),
(343, 343, '1', 'P', '2'),
(344, 344, '1', 'P', '2'),
(345, 345, '1', 'P', '1'),
(346, 346, '1', 'P', '1'),
(347, 347, '1', 'L', '1'),
(348, 348, '1', 'L', '2'),
(349, 349, '1', 'L', '1'),
(350, 350, '1', 'P', '2'),
(351, 351, '1', 'L', '1'),
(352, 352, '1', 'P', '1'),
(353, 353, '1', 'L', '3'),
(354, 354, '1', 'L', '2'),
(355, 355, '1', 'L', '2'),
(356, 356, '1', 'L', '2'),
(357, 357, '1', 'P', '1'),
(358, 358, '1', 'P', '1'),
(359, 359, '1', 'L', '1'),
(360, 360, '1', 'P', '2'),
(361, 361, '1', 'L', '1'),
(362, 362, '1', 'L', '1'),
(363, 363, '1', 'P', '2'),
(364, 364, '1', 'P', '2'),
(365, 365, '1', 'P', '1'),
(366, 366, '1', 'L', '2'),
(367, 367, '1', 'L', '1'),
(368, 368, '1', 'P', '1'),
(369, 369, '1', 'P', '2'),
(370, 370, '1', 'P', '3'),
(371, 371, '1', 'L', '1'),
(372, 372, '1', 'P', '1'),
(373, 373, '1', 'P', '1'),
(374, 374, '1', 'L', '2'),
(375, 375, '1', 'L', '2'),
(376, 376, '1', 'P', '2'),
(377, 377, '1', 'L', '1'),
(378, 378, '1', 'L', '1'),
(379, 379, '1', 'L', '1'),
(380, 380, '1', 'L', '1'),
(381, 381, '1', 'P', '1'),
(382, 382, '1', 'P', '2'),
(383, 383, '1', 'L', '2'),
(384, 384, '1', 'L', '2'),
(385, 385, '1', 'L', '2'),
(386, 386, '1', 'P', '2'),
(387, 387, '1', 'P', '2'),
(388, 388, '1', 'P', '2'),
(389, 389, '1', 'P', '2'),
(390, 390, '1', 'L', '1'),
(391, 391, '1', 'L', '1'),
(392, 392, '1', 'P', '2'),
(393, 393, '1', 'L', '2'),
(394, 394, '1', 'P', '1'),
(395, 395, '1', 'L', '3'),
(396, 396, '1', 'L', '2'),
(397, 397, '1', 'P', '1'),
(398, 398, '1', 'P', '1'),
(399, 399, '1', 'L', '1'),
(400, 400, '1', 'L', '1'),
(401, 401, '1', 'L', '1'),
(402, 402, '1', 'L', '2'),
(403, 403, '1', 'P', '2'),
(404, 404, '1', 'P', '2'),
(405, 405, '1', 'L', '1'),
(406, 406, '1', 'P', '1'),
(407, 407, '1', 'L', '2'),
(408, 408, '1', 'P', '2'),
(409, 409, '1', 'L', '1'),
(410, 410, '1', 'L', '2'),
(411, 411, '1', 'P', '2'),
(412, 412, '1', 'L', '1'),
(413, 413, '1', 'P', '1'),
(414, 414, '1', 'L', '1'),
(415, 415, '1', 'L', '2'),
(416, 416, '1', 'P', '2'),
(417, 417, '1', 'L', '1'),
(418, 418, '1', 'L', '1'),
(419, 419, '1', 'P', '2'),
(420, 420, '1', 'P', '1'),
(421, 421, '1', 'L', '2'),
(422, 422, '1', 'P', '2'),
(423, 423, '1', 'P', '1'),
(424, 424, '1', 'L', '1'),
(425, 425, '1', 'P', '2'),
(426, 426, '1', 'P', '1'),
(427, 427, '1', 'P', '2'),
(428, 428, '1', 'P', '1'),
(429, 429, '1', 'L', '3'),
(430, 430, '1', 'P', '2'),
(431, 431, '1', 'L', '2'),
(432, 432, '1', 'P', '1'),
(433, 433, '1', 'L', '1'),
(434, 434, '1', 'P', '2'),
(435, 435, '1', 'P', '2'),
(436, 436, '1', 'P', '2'),
(437, 437, '1', 'P', '2'),
(438, 438, '1', 'L', '3'),
(439, 439, '1', 'L', '1'),
(440, 440, '1', 'P', '1'),
(441, 441, '1', 'L', '2'),
(442, 442, '1', 'P', '1'),
(443, 443, '1', 'L', '2'),
(444, 444, '1', 'L', '2'),
(445, 445, '1', 'P', '1'),
(446, 446, '1', 'L', '1'),
(447, 447, '1', 'L', '1'),
(448, 448, '1', 'L', '2'),
(449, 449, '1', 'P', '2'),
(450, 450, '1', 'L', '2'),
(451, 451, '1', 'L', '1'),
(452, 452, '1', 'L', '1'),
(453, 453, '1', 'L', '1'),
(454, 454, '1', 'L', '1'),
(455, 455, '1', 'P', '2'),
(456, 456, '1', 'P', '2'),
(457, 457, '1', 'L', '2'),
(458, 458, '1', 'P', '1'),
(459, 459, '1', 'P', '1'),
(460, 460, '1', 'P', '2'),
(461, 461, '1', 'L', '2'),
(462, 462, '1', 'L', '3'),
(463, 463, '1', 'P', '1'),
(464, 464, '1', 'P', '1'),
(465, 465, '1', 'P', '1'),
(466, 466, '1', 'L', '2'),
(467, 467, '1', 'L', '2'),
(468, 468, '1', 'P', '2'),
(469, 469, '1', 'P', '1'),
(470, 470, '1', 'L', '2'),
(471, 471, '1', 'L', '2'),
(472, 472, '1', 'L', '3'),
(473, 473, '1', 'L', '1'),
(474, 474, '1', 'P', '1'),
(475, 475, '1', 'L', '3'),
(476, 476, '1', 'L', '1'),
(477, 477, '1', 'P', '2'),
(478, 478, '1', 'P', '2'),
(479, 479, '1', 'P', '1'),
(480, 480, '1', 'L', '2'),
(481, 481, '1', 'P', '3'),
(482, 482, '1', 'P', '2'),
(483, 483, '1', 'L', '2'),
(484, 484, '1', 'P', '1'),
(485, 485, '1', 'L', '2'),
(486, 486, '1', 'L', '1'),
(487, 487, '1', 'L', '2'),
(488, 488, '1', 'L', '2'),
(489, 489, '1', 'P', '1'),
(490, 490, '1', 'P', '1'),
(491, 491, '1', 'L', '2'),
(492, 492, '1', 'P', '1'),
(493, 493, '1', 'L', '2'),
(494, 494, '1', 'L', '1'),
(495, 495, '1', 'L', '1'),
(496, 496, '1', 'L', '1'),
(497, 497, '1', 'L', '2'),
(498, 498, '1', 'L', '2'),
(499, 499, '1', 'P', '2'),
(500, 500, '1', 'P', '1'),
(501, 501, '1', 'P', '1'),
(502, 502, '1', 'L', '2'),
(503, 503, '1', 'L', '2'),
(504, 504, '1', 'P', '1'),
(505, 505, '1', 'P', '1'),
(506, 506, '1', 'L', '2'),
(507, 507, '1', 'P', '1'),
(508, 508, '1', 'P', '1'),
(509, 509, '1', 'P', '2'),
(510, 510, '1', 'P', '2'),
(511, 511, '1', 'L', '2'),
(512, 512, '1', 'L', '2'),
(513, 513, '1', 'P', '1'),
(514, 514, '1', 'P', '1'),
(515, 515, '1', 'L', '3'),
(516, 516, '1', 'P', '1'),
(517, 517, '1', 'P', '1'),
(518, 518, '1', 'P', '2'),
(519, 519, '1', 'L', '2'),
(520, 520, '1', 'P', '1'),
(521, 521, '1', 'L', '1'),
(522, 522, '1', 'L', '1'),
(523, 523, '1', 'P', '2'),
(524, 524, '1', 'L', '1'),
(525, 525, '1', 'L', '1'),
(526, 526, '1', 'P', '2'),
(527, 527, '1', 'L', '2'),
(528, 528, '1', 'P', '3'),
(529, 529, '1', 'L', '2'),
(530, 530, '1', 'P', '2'),
(531, 531, '1', 'P', '1'),
(532, 532, '1', 'L', '1'),
(533, 533, '1', 'P', '1'),
(534, 534, '1', 'P', '3'),
(535, 535, '1', 'L', '2'),
(536, 536, '1', 'L', '2'),
(537, 537, '1', 'L', '2'),
(538, 538, '1', 'P', '1'),
(539, 539, '1', 'L', '1'),
(540, 540, '1', 'P', '2'),
(541, 541, '1', 'L', '1'),
(542, 542, '1', 'L', '2'),
(543, 543, '1', 'L', '2'),
(544, 544, '1', 'P', '1'),
(545, 545, '1', 'P', '1'),
(546, 546, '1', 'P', '2'),
(547, 547, '1', 'P', '2'),
(548, 548, '1', 'L', '1'),
(549, 549, '1', 'L', '1'),
(550, 550, '1', 'P', '2'),
(551, 551, '1', 'L', '2'),
(552, 552, '1', 'L', '2'),
(553, 553, '1', 'P', '2'),
(554, 554, '1', 'P', '1'),
(555, 555, '1', 'L', '1'),
(556, 556, '1', 'L', '3'),
(557, 557, '1', 'P', '2'),
(558, 558, '1', 'P', '2'),
(559, 559, '1', 'L', '2'),
(560, 560, '1', 'L', '1'),
(561, 561, '1', 'L', '1'),
(562, 562, '1', 'P', '1'),
(563, 563, '1', 'P', '2'),
(564, 564, '1', 'P', '3'),
(565, 565, '1', 'L', '2'),
(566, 566, '1', 'L', '2'),
(567, 567, '1', 'P', '1'),
(568, 568, '1', 'L', '2'),
(569, 569, '1', 'P', '2'),
(570, 570, '1', 'P', '1'),
(571, 571, '1', 'P', '1'),
(572, 572, '1', 'L', '1'),
(573, 573, '1', 'P', '1'),
(574, 574, '1', 'P', '1'),
(575, 575, '1', 'L', '2'),
(576, 576, '1', 'P', '2'),
(577, 577, '1', 'P', '2'),
(578, 578, '1', 'L', '2'),
(579, 579, '1', 'L', '2'),
(580, 580, '1', 'L', '3'),
(581, 581, '1', 'P', '1'),
(582, 582, '1', 'P', '1'),
(583, 583, '1', 'P', '1'),
(584, 584, '1', 'P', '2'),
(585, 585, '1', 'L', '1'),
(586, 586, '1', 'P', '1'),
(587, 587, '1', 'L', '2'),
(588, 588, '1', 'P', '2'),
(589, 589, '1', 'P', '2'),
(590, 590, '1', 'P', '1'),
(591, 591, '1', 'P', '2'),
(592, 592, '1', 'L', '2'),
(593, 593, '1', 'P', '1'),
(594, 594, '1', 'L', '1'),
(595, 595, '1', 'L', '1'),
(596, 596, '1', 'L', '3'),
(597, 597, '1', 'P', '2'),
(598, 598, '1', 'L', '1'),
(599, 599, '1', 'P', '2'),
(600, 600, '1', 'L', '2'),
(601, 601, '1', 'L', '1'),
(602, 602, '1', 'L', '1'),
(603, 603, '1', 'P', '2'),
(604, 604, '1', 'P', '2'),
(605, 605, '1', 'L', '1'),
(606, 606, '1', 'P', '1'),
(607, 607, '1', 'L', '1'),
(608, 608, '1', 'P', '1'),
(609, 609, '1', 'P', '3'),
(610, 610, '1', 'L', '2'),
(611, 611, '1', 'L', '1'),
(612, 612, '1', 'L', '1'),
(613, 613, '1', 'L', '3'),
(614, 614, '1', 'P', '2'),
(615, 615, '1', 'L', '1'),
(616, 616, '1', 'P', '2'),
(617, 617, '1', 'L', '2'),
(618, 618, '1', 'L', '1'),
(619, 619, '1', 'P', '1'),
(620, 620, '1', 'L', '1'),
(621, 621, '1', 'P', '3'),
(622, 622, '1', 'P', '1'),
(623, 623, '1', 'P', '2'),
(624, 624, '1', 'L', '1'),
(625, 625, '1', 'P', '2'),
(626, 626, '1', 'L', '1'),
(627, 627, '1', 'L', '2'),
(628, 628, '1', 'P', '2'),
(629, 630, '1', 'P', '1'),
(630, 633, '1', 'L', '1'),
(631, 632, '1', 'L', '1');

-- --------------------------------------------------------

--
-- Table structure for table `fact_guru_ajar`
--

CREATE TABLE `fact_guru_ajar` (
  `id_guru_aja` int(11) NOT NULL,
  `id_guru` int(11) NOT NULL,
  `id_tingkatan` int(11) NOT NULL
) ENGINE=InnoDB DEFAULT CHARSET=utf8;

--
-- Dumping data for table `fact_guru_ajar`
--

INSERT INTO `fact_guru_ajar` (`id_guru_aja`, `id_guru`, `id_tingkatan`) VALUES
(1, 1, 3),
(2, 2, 1),
(3, 5, 3),
(4, 8, 3),
(5, 9, 1),
(6, 10, 3),
(7, 11, 1),
(8, 14, 1),
(9, 17, 1),
(10, 18, 1),
(11, 21, 1),
(12, 24, 1),
(13, 27, 1),
(14, 30, 1),
(15, 33, 1),
(16, 36, 3),
(17, 39, 3),
(18, 42, 3),
(19, 45, 3),
(20, 48, 3),
(21, 51, 3),
(22, 54, 3),
(23, 57, 2),
(24, 60, 2),
(25, 63, 2),
(26, 66, 2),
(27, 69, 2),
(28, 72, 2);

-- --------------------------------------------------------

--
-- Table structure for table `fact_karakter_siswa`
--

CREATE TABLE `fact_karakter_siswa` (
  `id_karakter_siswa` int(11) NOT NULL,
  `id_tingkatan` int(11) NOT NULL,
  `id_siswa` int(11) NOT NULL,
  `tanggungjawab` int(11) NOT NULL,
  `disiplin` int(11) NOT NULL,
  `kepemimpinan` int(11) NOT NULL,
  `sopansantun` int(11) NOT NULL,
  `kejujuran` int(11) NOT NULL
) ENGINE=InnoDB DEFAULT CHARSET=utf8mb4;

--
-- Dumping data for table `fact_karakter_siswa`
--

INSERT INTO `fact_karakter_siswa` (`id_karakter_siswa`, `id_tingkatan`, `id_siswa`, `tanggungjawab`, `disiplin`, `kepemimpinan`, `sopansantun`, `kejujuran`) VALUES
(1, 2, 1, 4, 4, 3, 2, 3),
(2, 1, 2, 3, 3, 3, 4, 4),
(3, 3, 3, 3, 4, 3, 3, 3);

-- --------------------------------------------------------

--
-- Table structure for table `fact_prestasi`
--

CREATE TABLE `fact_prestasi` (
  `id_fact_prestasi` int(11) NOT NULL,
  `id_prestasi` int(11) NOT NULL,
  `id_tingkatan` int(11) NOT NULL,
  `id_waktu` int(11) NOT NULL
) ENGINE=InnoDB DEFAULT CHARSET=utf8mb4;

--
-- Dumping data for table `fact_prestasi`
--

INSERT INTO `fact_prestasi` (`id_fact_prestasi`, `id_prestasi`, `id_tingkatan`, `id_waktu`) VALUES
(1, 1, 1, 632),
(2, 2, 2, 633),
(3, 3, 2, 634),
(4, 1, 3, 635),
(5, 4, 1, 636),
(6, 5, 3, 637),
(7, 6, 1, 638),
(8, 1, 3, 639),
(9, 3, 3, 640),
(10, 2, 2, 641),
(11, 4, 1, 642),
(12, 7, 3, 643),
(13, 8, 1, 644),
(14, 6, 3, 645),
(15, 5, 1, 646),
(16, 9, 1, 647),
(17, 3, 1, 648);

--
-- Indexes for dumped tables
--

--
-- Indexes for table `dim_absensi`
--
ALTER TABLE `dim_absensi`
  ADD PRIMARY KEY (`id_absensi`);

--
-- Indexes for table `dim_guru`
--
ALTER TABLE `dim_guru`
  ADD PRIMARY KEY (`id_guru`);

--
-- Indexes for table `dim_prestasi`
--
ALTER TABLE `dim_prestasi`
  ADD PRIMARY KEY (`id_prestasi`);

--
-- Indexes for table `dim_siswa`
--
ALTER TABLE `dim_siswa`
  ADD PRIMARY KEY (`id_siswa`);

--
-- Indexes for table `dim_tingkatan`
--
ALTER TABLE `dim_tingkatan`
  ADD PRIMARY KEY (`id_tingkatan`);

--
-- Indexes for table `dim_waktu`
--
ALTER TABLE `dim_waktu`
  ADD PRIMARY KEY (`id_waktu`);

--
-- Indexes for table `fact_absensi`
--
ALTER TABLE `fact_absensi`
  ADD PRIMARY KEY (`id_fact_absensi`);

--
-- Indexes for table `fact_guru_ajar`
--
ALTER TABLE `fact_guru_ajar`
  ADD PRIMARY KEY (`id_guru_aja`);

--
-- Indexes for table `fact_karakter_siswa`
--
ALTER TABLE `fact_karakter_siswa`
  ADD PRIMARY KEY (`id_karakter_siswa`);

--
-- Indexes for table `fact_prestasi`
--
ALTER TABLE `fact_prestasi`
  ADD PRIMARY KEY (`id_fact_prestasi`);

--
-- AUTO_INCREMENT for dumped tables
--

--
-- AUTO_INCREMENT for table `dim_absensi`
--
ALTER TABLE `dim_absensi`
  MODIFY `id_absensi` int(11) NOT NULL AUTO_INCREMENT, AUTO_INCREMENT=4;

--
-- AUTO_INCREMENT for table `dim_guru`
--
ALTER TABLE `dim_guru`
  MODIFY `id_guru` int(11) NOT NULL AUTO_INCREMENT, AUTO_INCREMENT=73;

--
-- AUTO_INCREMENT for table `dim_prestasi`
--
ALTER TABLE `dim_prestasi`
  MODIFY `id_prestasi` int(11) NOT NULL AUTO_INCREMENT, AUTO_INCREMENT=10;

--
-- AUTO_INCREMENT for table `dim_siswa`
--
ALTER TABLE `dim_siswa`
  MODIFY `id_siswa` int(11) NOT NULL AUTO_INCREMENT, AUTO_INCREMENT=4;

--
-- AUTO_INCREMENT for table `dim_tingkatan`
--
ALTER TABLE `dim_tingkatan`
  MODIFY `id_tingkatan` int(11) NOT NULL AUTO_INCREMENT, AUTO_INCREMENT=4;

--
-- AUTO_INCREMENT for table `dim_waktu`
--
ALTER TABLE `dim_waktu`
  MODIFY `id_waktu` int(11) NOT NULL AUTO_INCREMENT, AUTO_INCREMENT=649;

--
-- AUTO_INCREMENT for table `fact_absensi`
--
ALTER TABLE `fact_absensi`
  MODIFY `id_fact_absensi` int(11) NOT NULL AUTO_INCREMENT, AUTO_INCREMENT=632;

--
-- AUTO_INCREMENT for table `fact_guru_ajar`
--
ALTER TABLE `fact_guru_ajar`
  MODIFY `id_guru_aja` int(11) NOT NULL AUTO_INCREMENT, AUTO_INCREMENT=29;

--
-- AUTO_INCREMENT for table `fact_karakter_siswa`
--
ALTER TABLE `fact_karakter_siswa`
  MODIFY `id_karakter_siswa` int(11) NOT NULL AUTO_INCREMENT, AUTO_INCREMENT=4;

--
-- AUTO_INCREMENT for table `fact_prestasi`
--
ALTER TABLE `fact_prestasi`
  MODIFY `id_fact_prestasi` int(11) NOT NULL AUTO_INCREMENT, AUTO_INCREMENT=18;
COMMIT;

/*!40101 SET CHARACTER_SET_CLIENT=@OLD_CHARACTER_SET_CLIENT */;
/*!40101 SET CHARACTER_SET_RESULTS=@OLD_CHARACTER_SET_RESULTS */;
/*!40101 SET COLLATION_CONNECTION=@OLD_COLLATION_CONNECTION */;
