-- phpMyAdmin SQL Dump
-- version 5.0.2
-- https://www.phpmyadmin.net/
--
-- Host: localhost
-- Generation Time: Aug 17, 2021 at 08:34 AM
-- Server version: 5.7.35-0ubuntu0.18.04.1
-- PHP Version: 8.0.9

SET SQL_MODE = "NO_AUTO_VALUE_ON_ZERO";
START TRANSACTION;
SET time_zone = "+00:00";


/*!40101 SET @OLD_CHARACTER_SET_CLIENT=@@CHARACTER_SET_CLIENT */;
/*!40101 SET @OLD_CHARACTER_SET_RESULTS=@@CHARACTER_SET_RESULTS */;
/*!40101 SET @OLD_COLLATION_CONNECTION=@@COLLATION_CONNECTION */;
/*!40101 SET NAMES utf8mb4 */;

--
-- Database: `ta_bi`
--

-- --------------------------------------------------------

--
-- Table structure for table `dim_absensi`
--

CREATE TABLE `dim_absensi` (
  `id_absensi` int(11) NOT NULL,
  `absensi` varchar(50) NOT NULL
) ENGINE=InnoDB DEFAULT CHARSET=utf8mb4;

--
-- Dumping data for table `dim_absensi`
--

INSERT INTO `dim_absensi` (`id_absensi`, `absensi`) VALUES
(1, 'Izin'),
(2, 'Alpa'),
(3, 'Sakit');

-- --------------------------------------------------------

--
-- Table structure for table `dim_guru`
--

CREATE TABLE `dim_guru` (
  `id_guru` int(11) NOT NULL,
  `nip_guru` int(11) NOT NULL,
  `nama_guru` varchar(100) NOT NULL,
  `gelar_pendidikan` varchar(100) CHARACTER SET utf16 COLLATE utf16_bin NOT NULL,
  `mapel_diampu` varchar(100) NOT NULL,
  `relevan` varchar(100) NOT NULL
) ENGINE=InnoDB DEFAULT CHARSET=utf8mb4;

--
-- Dumping data for table `dim_guru`
--

INSERT INTO `dim_guru` (`id_guru`, `nip_guru`, `nama_guru`, `gelar_pendidikan`, `mapel_diampu`, `relevan`) VALUES
(1, 1234567, 'Yulmi Safdi', ' S.Pd', 'Kepala Sekolah', 'Relevan'),
(2, 23434, 'Ali Amat Harahap', ' S.Pd', 'Matematika', 'Relevan'),
(3, 987654, 'Gusri Rizki', ' S.Pd.I', 'Tematik', 'Relevan'),
(4, 987654, 'Gusri Rizki', ' S.Pd.I', ' Skill', 'Relevan'),
(5, 987654, 'Gusri Rizki', ' S.Pd.I', ' Tallaqi', 'Relevan'),
(6, 34534, 'Nyi Astuti', ' S.Pd', 'Tematik', 'Relevan'),
(7, 34534, 'Nyi Astuti', ' S.Pd', ' Skill', 'Relevan'),
(8, 34534, 'Nyi Astuti', ' S.Pd', ' Tallaqi', 'Relevan'),
(9, 76543, 'Husnaini', ' S.TP', 'Agama Islam', 'Tidak Relevan'),
(10, 345435, 'Adha', ' S.Pd', 'Outbound', 'Relevan'),
(11, 2434, 'Arif Prayetno', ' S.T', 'Outbound', 'Tidak Relevan'),
(12, 45345, 'Gusnita', ' S.Pd.I', 'Tematik', 'Relevan'),
(13, 45345, 'Gusnita', ' S.Pd.I', ' Skill', 'Relevan'),
(14, 45345, 'Gusnita', ' S.Pd.I', ' Tallaqi', 'Relevan'),
(15, 7566, 'Sutrisno', ' A.Md', 'Tematik', 'Relevan'),
(16, 7566, 'Sutrisno', ' A.Md', ' Skill', 'Relevan'),
(17, 7566, 'Sutrisno', ' A.Md', ' Tallaqi', 'Relevan'),
(18, 7765, 'Arik Jatmiko', ' S.Pd', 'Seni Budaya dan Keterampilan', 'Relevan'),
(19, 6769, 'Ikhsan Akbar', ' S.Pdi', 'Tematik', 'Relevan'),
(20, 6769, 'Ikhsan Akbar', ' S.Pdi', ' Skill', 'Relevan'),
(21, 6769, 'Ikhsan Akbar', ' S.Pdi', ' Tallaqi', 'Relevan'),
(22, 46909, 'Kamil Hakimi', ' S.Pd.I', 'Tematik', 'Relevan'),
(23, 46909, 'Kamil Hakimi', ' S.Pd.I', ' Skill', 'Relevan'),
(24, 46909, 'Kamil Hakimi', ' S.Pd.I', ' Tallaqi', 'Relevan'),
(25, 89877, 'Novrianto', ' S.TP', 'Tematik', 'Tidak Relevan'),
(26, 89877, 'Novrianto', ' S.TP', ' Skill', 'Tidak Relevan'),
(27, 89877, 'Novrianto', ' S.TP', ' Tallaqi', 'Tidak Relevan'),
(28, 6795, 'Nazaruddin', ' S.Pd', 'Tematik', 'Relevan'),
(29, 6795, 'Nazaruddin', ' S.Pd', ' Skill', 'Relevan'),
(30, 6795, 'Nazaruddin', ' S.Pd', ' Tallaqi', 'Relevan'),
(31, 34335, 'Yudha Rindu Kurnia', ' S.Pd', 'Tematik', 'Relevan'),
(32, 34335, 'Yudha Rindu Kurnia', ' S.Pd', ' Skill', 'Relevan'),
(33, 34335, 'Yudha Rindu Kurnia', ' S.Pd', ' Tallaqi', 'Relevan'),
(34, 67899, 'Ziadatul fauzi', ' S.Pd.I', 'Tematik', 'Relevan'),
(35, 67899, 'Ziadatul fauzi', ' S.Pd.I', ' Skill', 'Relevan'),
(36, 67899, 'Ziadatul fauzi', ' S.Pd.I', ' Tallaqi', 'Relevan'),
(37, 99887, 'Zuriman', ' S.Pd.I', 'Tematik', 'Relevan'),
(38, 99887, 'Zuriman', ' S.Pd.I', ' Skill', 'Relevan'),
(39, 99887, 'Zuriman', ' S.Pd.I', ' Tallaqi', 'Relevan'),
(40, 67655, 'Laila Isnaini Harahap', ' S.Si', 'Tematik', 'Relevan'),
(41, 67655, 'Laila Isnaini Harahap', ' S.Si', ' Skill', 'Relevan'),
(42, 67655, 'Laila Isnaini Harahap', ' S.Si', ' Tallaqi', 'Relevan'),
(43, 456788, 'Nurhaili', ' S.Si', 'Tematik', 'Relevan'),
(44, 456788, 'Nurhaili', ' S.Si', ' Skill', 'Relevan'),
(45, 456788, 'Nurhaili', ' S.Si', ' Tallaqi', 'Relevan'),
(46, 433579, 'Lenni Dora Nasution', ' S.Pd', 'Tematik', 'Relevan'),
(47, 433579, 'Lenni Dora Nasution', ' S.Pd', ' Skill', 'Relevan'),
(48, 433579, 'Lenni Dora Nasution', ' S.Pd', ' Tallaqi', 'Relevan'),
(49, 887766, 'Nikmatul Aslamiyah', ' SP', 'Tematik', 'Relevan'),
(50, 887766, 'Nikmatul Aslamiyah', ' SP', ' Skill', 'Relevan'),
(51, 887766, 'Nikmatul Aslamiyah', ' SP', ' Tallaqi', 'Relevan'),
(52, 77899, 'Rina Patu Rahmah', ' S.Pd', 'Tematik', 'Relevan'),
(53, 77899, 'Rina Patu Rahmah', ' S.Pd', ' Skill', 'Relevan'),
(54, 77899, 'Rina Patu Rahmah', ' S.Pd', ' Tallaqi', 'Relevan'),
(55, 66690, 'Siska Handayani', ' S.Pd', 'Tematik', 'Relevan'),
(56, 66690, 'Siska Handayani', ' S.Pd', ' Skill', 'Relevan'),
(57, 66690, 'Siska Handayani', ' S.Pd', ' Tallaqi', 'Relevan'),
(58, 75511, 'Yeni Afni Sari', ' S.Sos', 'Tematik', 'Relevan'),
(59, 75511, 'Yeni Afni Sari', ' S.Sos', ' Skill', 'Relevan'),
(60, 75511, 'Yeni Afni Sari', ' S.Sos', ' Tallaqi', 'Relevan'),
(61, 445658, 'Rika Aulya Purnama', ' S.Psi', 'Tematik', 'Relevan'),
(62, 445658, 'Rika Aulya Purnama', ' S.Psi', ' Skill', 'Relevan'),
(63, 445658, 'Rika Aulya Purnama', ' S.Psi', ' Tallaqi', 'Relevan'),
(64, 77000, 'Annisa', ' S.pd', 'Tematik', 'Relevan'),
(65, 77000, 'Annisa', ' S.pd', ' Skill', 'Relevan'),
(66, 77000, 'Annisa', ' S.pd', ' Tallaqi', 'Relevan'),
(67, 88543, 'Bastian Haditama', ' S.T', 'Tematik', 'Tidak Relevan'),
(68, 88543, 'Bastian Haditama', ' S.T', ' Skill', 'Tidak Relevan'),
(69, 88543, 'Bastian Haditama', ' S.T', ' Tallaqi', 'Tidak Relevan'),
(70, 56907, 'Desi Sakinah', ' SE', 'Tematik', 'Relevan'),
(71, 56907, 'Desi Sakinah', ' SE', ' Skill', 'Relevan'),
(72, 56907, 'Desi Sakinah', ' SE', ' Tallaqi', 'Relevan');

-- --------------------------------------------------------

--
-- Table structure for table `dim_prestasi`
--

CREATE TABLE `dim_prestasi` (
  `id_prestasi` int(11) NOT NULL,
  `nama_prestasi` varchar(50) NOT NULL,
  `kategori` varchar(50) NOT NULL
) ENGINE=InnoDB DEFAULT CHARSET=utf8mb4;

--
-- Dumping data for table `dim_prestasi`
--

INSERT INTO `dim_prestasi` (`id_prestasi`, `nama_prestasi`, `kategori`) VALUES
(1, 'Mewarnai', 'Non-Akademik'),
(2, 'Memanah', 'Non-Akademik'),
(3, 'Melukis', 'Non-Akademik'),
(4, 'Sempoa', 'Akademik'),
(5, 'Kaligrafi', 'Non-Akademik'),
(6, 'Jambore', 'Non-Akademik'),
(7, 'Olimpiade Bahasa Inggris', 'Akademik'),
(8, 'Olimpiade Matematika', 'Akademik'),
(9, 'Olimpiade IPA', 'Akademik'),
(10, 'Berkuda', 'Non-Akademik'),
(11, 'Renang', 'Non-Akademik'),
(12, 'Olimpiade Sains', 'Akademik'),
(13, 'Menggambar', 'Non-Akademik'),
(14, 'Cerdas Cermat Antar Sekolah', 'Akademik'),
(15, 'Lomba Tahfidz Quran', 'Non-Akademik');

-- --------------------------------------------------------

--
-- Table structure for table `dim_siswa`
--

CREATE TABLE `dim_siswa` (
  `id_siswa` int(11) NOT NULL,
  `nama_siswa` varchar(100) NOT NULL,
  `jenis_kelamin` varchar(50) NOT NULL
) ENGINE=InnoDB DEFAULT CHARSET=utf8mb4;

--
-- Dumping data for table `dim_siswa`
--

INSERT INTO `dim_siswa` (`id_siswa`, `nama_siswa`, `jenis_kelamin`) VALUES
(1, 'Abdullah Siddiq At Thufeil', 'L'),
(2, 'Ali Shadiq', 'L'),
(3, 'Alya Talita Elkhaira', 'P'),
(4, 'Binar Shabina Kyna', 'P'),
(5, 'Cici Aqillarissa Auliandra', 'P'),
(6, 'Faeyza Anaqi', 'P'),
(7, 'Haikal Rahman Hidayat', 'L'),
(8, 'Jevonino Isra Pratama', 'L'),
(9, 'Khaira Andini Khansa', 'P'),
(10, 'Melco Alfredo Kodri', 'L'),
(11, 'Muhammad Akhtar Mutaqin', 'L'),
(12, 'Muhammad Allif Mumtaz', 'L'),
(13, 'Nayla Karina Diva', 'P'),
(14, 'Reza Alfarezi Yunaf', 'L'),
(15, 'Reyna Mariam Nisa', 'P'),
(16, 'Thariq Mubasyir', 'L'),
(17, 'Thalia Kama Salim', 'P'),
(18, 'Tara Nasya Diva', 'P'),
(19, 'Ukaisya Malik Rahman', 'L'),
(20, 'Vena Talita Ahmad', 'P'),
(21, 'Vania Nadhifa', 'P'),
(22, 'Zafran Ali Akbar', 'L'),
(23, 'Abdan Ghani Syakura', 'L'),
(24, 'Abdul Latif Arhab Abbasy', 'L'),
(25, 'Achika Tasyafrianda', 'P'),
(26, 'Adelard Zafier', 'L'),
(27, 'Adelia Dwi Ramadhani', 'P'),
(28, 'Adi Hardiansyah', 'L'),
(29, 'Adib Gufran', 'L'),
(30, 'Adib Harun Syah', 'L'),
(31, 'Adinda Andin Najwa Nurjannah', 'P'),
(32, 'Adinda Try Lovely', 'P'),
(33, 'Ahmad Umar Arif', 'L'),
(34, 'Aiesha Kinaya Savannah', 'P'),
(35, 'Aina Xaviera Firdausy', 'P'),
(36, 'Aisyah Abu Bakar', 'P'),
(37, 'Aisyah Nirmala', 'P'),
(38, 'Aisyah Nurilhafizhah', 'P'),
(39, 'Aisyah Silvina Lubis', 'P'),
(40, 'Akifatul Hilmi', 'P'),
(41, 'Albayyan Malik', 'L'),
(42, 'Albi Shaka Baskara', 'L'),
(43, 'Alfantio Efendy', 'L'),
(44, 'Alif Syahil Achsan', 'L'),
(45, 'Alimah Salsabila Mazaya', 'P'),
(46, 'Alisha Azalia Hamzah', 'P'),
(47, 'Alisya Anaya Juanda', 'P'),
(48, 'Alkhalifi Arza Anesto', 'P'),
(49, 'Almira Kirana', 'P'),
(50, 'Alpin Prayoga', 'L'),
(51, 'Alya Nazura Syadev', 'P'),
(52, 'Alzena Zahira ', 'P'),
(53, 'Amanda Fariza Yasmin', 'P'),
(54, 'Amira Alifia', 'P'),
(55, 'Amirah Lathifah Wibowo', 'P'),
(56, 'Amiroh Qaisah Haninah', 'P'),
(57, 'Andharu Danishworo', 'L'),
(58, 'Angelia Artasya', 'P'),
(59, 'Annisa Alifah', 'P'),
(60, 'Annisa Nurul Dina', 'P'),
(61, 'Annisa Rahim', 'P'),
(62, 'Annisa Syakira', 'P'),
(63, 'Antares Zaidan Daniel', 'L'),
(64, 'Anugrah Agung Winata', 'L'),
(65, 'Aqilla Fauziyyah', 'P'),
(66, 'Ar Raudathrea Maharani', 'P'),
(67, 'Ardan Syahla Ramadhan', 'L'),
(68, 'Ardi Fauzan Rizky', 'L'),
(69, 'Arif Rahman Hakim', 'L'),
(70, 'Ariq Yusuf Nawwar Setiawan', 'L'),
(71, 'Ariz Hensa Fairizki', 'L'),
(72, 'Art Indiana', 'P'),
(73, 'Askana mira', 'P'),
(74, 'Athifa Kirana Vannay', 'P'),
(75, 'Attar Surya Alfarabi', 'L'),
(76, 'Aulia Saskia', 'P'),
(77, 'Aunur Rafiq', 'L'),
(78, 'Ayatul Husna', 'P'),
(79, 'Azdiya Imani Falah', 'P'),
(80, 'Azdkia Nisa', 'P'),
(81, 'Azizan Sakhawi Nurrahman', 'L'),
(82, 'Azka Hudamaiz Muhammad', 'L'),
(83, 'Azka Zhahirul Haq', 'L'),
(84, 'Azzam Deriyanda Hernazrul', 'L'),
(85, 'Azzam Zayyan Rafif', 'L'),
(86, 'Bagas Azzamy Syauqi', 'L'),
(87, 'Banyu Akbar Rahmat Putra', 'L'),
(88, 'Bayu Pratama', 'L'),
(89, 'Bayu Ramadhan', 'L'),
(90, 'Bima Ragil Habibie', 'L'),
(91, 'Bunga Arra Nisa', 'P'),
(92, 'Bunga Tuzzahra', 'P'),
(93, 'Kavinia Syanum', 'P'),
(94, 'Daffa Bil Walidaini', 'L'),
(95, 'Dahiyah Khadijah Hasbullah', 'P'),
(96, 'Dandy Alfabio', 'L'),
(97, 'Daysac Qostalany Henna', 'P'),
(98, 'Delon', 'L'),
(99, 'Deval Lisensi Rasyid', 'L'),
(100, 'Devika Athifa Atnov', 'P'),
(101, 'Dhia Zalfarizi', 'P'),
(102, 'Dimas Maulana', 'L'),
(103, 'Djovan Daifullah', 'L'),
(104, 'Fabian Akhdan Kurniawan', 'L'),
(105, 'Fadhil Zahran', 'L'),
(106, 'Fahkriki Defri', 'L'),
(107, 'Faina Bilqisty', 'P'),
(108, 'Faiq Alfarizqi Estanto', 'L'),
(109, 'Faiq Dzihni Dharma', 'L'),
(110, 'Faiqa Halwa Linadzarin', 'P'),
(111, 'Faiz Arsyan Alhazen', 'L'),
(112, 'Farhan Rydal Achyar', 'L'),
(113, 'Farid Hidayatullah', 'L'),
(114, 'Fathimah Qurrota A\'yun', 'P'),
(115, 'Fathur Rahman', 'L'),
(116, 'Faza Maulana Yudira', 'L'),
(117, 'Feri Rahmat', 'L'),
(118, 'Fikri Hariz Meilenzra', 'L'),
(119, 'Fikri M Wahyu', 'L'),
(120, 'Filza Retno Hening', 'P'),
(121, 'Fiorenza Deana Haruko', 'P'),
(122, 'Firnas Jati Iswara', 'P'),
(123, 'Fuzan Kurnia', 'L'),
(124, 'Gaza Ghifari Kertanegara', 'L'),
(125, 'Ghafira Dzatil Izzah', 'P'),
(126, 'Giza Narayana Karanka', 'P'),
(127, 'Habi Syafrito', 'L'),
(128, 'Habiburrahman Hidayat', 'L'),
(129, 'Hafizah Hanif', 'P'),
(130, 'Hammam Muhammad Abrar Bagus', 'L'),
(131, 'Hana Balqis', 'P'),
(132, 'Hanana Husna', 'P'),
(133, 'Haniah Khairunnisa', 'P'),
(134, 'Hanif Farhadin', 'L'),
(135, 'Hanifah Ayu Risa', 'P'),
(136, 'Hanifatus Shakina', 'P'),
(137, 'Hasna Alya Jundiah', 'L'),
(138, 'Hazran Yusuf Barikan', 'L'),
(139, 'Hilmy Fatha Rusyda', 'L'),
(140, 'Hisyam Ahza Radityo', 'L'),
(141, 'Hisyam Faraz Abdullah', 'L'),
(142, 'Humairo\' Rohadatul Aisy', 'P'),
(143, 'Humeyra Salma Alzahra', 'P'),
(144, 'Huriyyah Adzka Hazimah', 'P'),
(145, 'Ibnu Alfarizi Eriana', 'L'),
(146, 'Ibnu Bagas', 'L'),
(147, 'Ibrahim Bimantara Al-Azzam', 'L'),
(148, 'Ibrahim Ramadhan Yura', 'L'),
(149, 'Ihsan Khayri Ibrahim', 'L'),
(150, 'Imran Abdurahman Yura', 'L'),
(151, 'Izzatul Lathifa', 'P'),
(152, 'Jihan Salsabila Hani', 'P'),
(153, 'Jihan Zahira Talita', 'P'),
(154, 'Julia Rahayu Shinta', 'P'),
(155, 'Kafka Wistara Rifdirrahman', 'L'),
(156, 'Kanaya Alhamda', 'P'),
(157, 'Kanaya Askana Shaki', 'P'),
(158, 'Karina Zahra', 'P'),
(159, 'Karyssa Raihana Asman', 'P'),
(160, 'Kawaina Althafunnisa Yova', 'P'),
(161, 'Kayla Aisyah Shaquilla', 'P'),
(162, 'Kayyisa Afiqa Indra Fayruzya', 'P'),
(163, 'Keanu Al Ghazali Yoza', 'L'),
(164, 'Keisha Zahra', 'P'),
(165, 'Keisya Hasanah', 'P'),
(166, 'Kenzie Fawwaz Sakti', 'L'),
(167, 'Khadijah Khairatunhisan', 'P'),
(168, 'Khairunnisa Dira', 'P'),
(169, 'Khalbani Putri Gamiwa', 'P'),
(170, 'Khalisa Mardhiyah', 'P'),
(171, 'Khansa Samiya Fathina', 'P'),
(172, 'Khusna Al-Zhafira', 'P'),
(173, 'Kinandira Shaqueena ', 'P'),
(174, 'Kirana Askana Risa', 'P'),
(175, 'Lakeisha Malaika Ramadhani', 'P'),
(176, 'Lathifah Mufidah', 'P'),
(177, 'Latifa Sabrina Khairunnisa', 'P'),
(178, 'Luthfi Al Amiri', 'L'),
(179, 'Luthfi Soni', 'L'),
(180, 'M Hilmi Al Abrar', 'L'),
(181, 'Maryam Hawra Salamah', 'P'),
(182, 'Masyhurah Ulfah', 'P'),
(183, 'Maudy Alia Sukma', 'P'),
(184, 'Maulana Dika Ar Rasyid', 'L'),
(185, 'Maulana Irvan', 'L'),
(186, 'Mazaya Indana Haryadi', 'L'),
(187, 'Mikail Alam Primaputra', 'L'),
(188, 'Mirza Rifqirafidhan Khalib', 'L'),
(189, 'Muhammad Akbar Adifa', 'L'),
(190, 'Muhammad Alfatih Aditya', 'L'),
(191, 'Muhammad Alif Haryadi', 'L'),
(192, 'Muhammad Argha De Ikhwan', 'L'),
(193, 'Muhammad Arif', 'L'),
(194, 'Muhammad Arigo Abra', 'L'),
(195, 'Muhammad Arinza', 'L'),
(196, 'Muhammad Arkan Zain', 'L'),
(197, 'Muhammad Bintang Faateh', 'L'),
(198, 'Muhammad Daffa', 'L'),
(199, 'Muhammad Dzaki Ahsan', 'L'),
(200, 'Muhammad Fakhri Al Hafizh', 'L'),
(201, 'Muhammad Fakhri Indra', 'L'),
(202, 'Muhammad Farhan', 'L'),
(203, 'Muhammad Fayakun Maulidan', 'L'),
(204, 'Muhammad Ghani Arrahman', 'L'),
(205, 'Muhammad Hanif', 'L'),
(206, 'Muhammad Iqbal Sumardiono', 'L'),
(207, 'Muhammad Izzudin Al Qassam', 'L'),
(208, 'Muhammad Khairi Azzam', 'L'),
(209, 'Muhammad Lutfi Al-Barri', 'L'),
(210, 'Muhammad Nabhan Qushayyi', 'L'),
(211, 'Muhammad Najib', 'L'),
(212, 'Muhammad Rafi Athallah', 'L'),
(213, 'Muhammad Rafiq Ramadhan', 'L'),
(214, 'Muhammad Raihan', 'L'),
(215, 'Muhammad Siddiq Al-Mubaroq', 'L'),
(216, 'Muhammad Thariq Al Fatih', 'L'),
(217, 'Muhammad Valli Attazio', 'L'),
(218, 'Nabil Tazakka Khinani', 'P'),
(219, 'Nabila Fuadi', 'P'),
(220, 'Nabilla Azzahra', 'P'),
(221, 'Nadea Shabrina Eriana', 'P'),
(222, 'Nadeem Fiorenzo', 'L'),
(223, 'Nadia Mumtaz', 'P'),
(224, 'Nadrashah Rokan', 'P'),
(225, 'Nailah Syakirah', 'P'),
(226, 'Najla Raisa', 'P'),
(227, 'Najmus Tsakib Al-Qadri', 'L'),
(228, 'Narayana Aditya Maliq', 'P'),
(229, 'Nasywa Al-Ghania H', 'P'),
(230, 'Nauval Reihan Desrial', 'L'),
(231, 'Naysilla Anaya Juanda', 'P'),
(232, 'Nayyara Lateefa Arcy', 'P'),
(233, 'Nazira Tisa Rahman', 'P'),
(234, 'Nindi Alifia Rizki', 'P'),
(235, 'Nindyra Kirana Ramadhani', 'P'),
(236, 'Nur Zahrah Khairon', 'P'),
(237, 'Nuradna Lutfiyah', 'P'),
(238, 'Nurul Hafizah', 'P'),
(239, 'Qanita Indana Ariqah', 'P'),
(240, 'Qayla Irza maharani Sidabutar', 'P'),
(241, 'Qonita Hafizzatun Nisa', 'P'),
(242, 'Queenzha Almira Maharani', 'P'),
(243, 'Qur Rota Ayu Nissa', 'P'),
(244, 'Radhitya Al-Aqwa Pangayow', 'L'),
(245, 'Rafeyfa Asyla', 'P'),
(246, 'Rafif El Fakhrizy', 'L'),
(247, 'Rafka Ghatfaan Aldeza', 'L'),
(248, 'Rahid Muafa', 'L'),
(249, 'Raihan Pratama Ramadhan', 'L'),
(250, 'Rasya Azkadhia Nayyotama', 'P'),
(251, 'Rasyid Khairan', 'L'),
(252, 'Rauf Hamdani', 'L'),
(253, 'Rayhan Abighael', 'L'),
(254, 'Rayhan Anugrah Pratama', 'L'),
(255, 'Refandra Aslam Musthafa', 'L'),
(256, 'Reisya Adelia Syaputri', 'P'),
(257, 'Reyhan Mubarrok', 'L'),
(258, 'Reyno Ramadhan', 'L'),
(259, 'Reysha Yasmeri', 'P'),
(260, 'Reza Adrian Pratama', 'L'),
(261, 'Ridho Syahrul Ramadhan', 'L'),
(262, 'Rifah Haniyah', 'P'),
(263, 'Rifqa Khairunnisa', 'P'),
(264, 'Riyad Jinan Fayi', 'P'),
(265, 'Rizki', 'L'),
(266, 'Rizky Ramadhan', 'L'),
(267, 'Robi Hanafi', 'L'),
(268, 'Sabiq Khairi Yura', 'P'),
(269, 'Saka Aydin Ahza', 'L'),
(270, 'Salsabila Nadiva', 'P'),
(271, 'Salwa Regina Sheehan', 'P'),
(272, 'Samira Bela Zahra', 'P'),
(273, 'Sammy Javid Rabbani', 'P'),
(274, 'Sanju Rahmad', 'L'),
(275, 'Sarrah Nadia Zafira ', 'P'),
(276, 'Saufa Aluuna Marsa', 'P'),
(277, 'Seri Rezki Miftah', 'P'),
(278, 'Shabrina Azkia Putri', 'P'),
(279, 'Syamsul Hidayat', 'L'),
(280, 'Syanil Husni', 'P'),
(281, 'Syeiliza Azzura', 'P'),
(282, 'Tania Annisa', 'P'),
(283, 'Tari Salsabilla', 'P'),
(284, 'Tesa Ramadhani', 'P'),
(285, 'Thufeil Azzam Al Ghifari', 'L'),
(286, 'Tiara Nafiza Anjani', 'P'),
(287, 'Toyyiba Ridwan', 'L'),
(288, 'Vania Laila Nazwa', 'P'),
(289, 'Vina Ayu Anggraini', 'P'),
(290, 'Viona Lisca', 'P'),
(291, 'Wildan Syauqi Firdaus', 'L'),
(292, 'Yanda Zafran', 'L'),
(293, 'Yumzie Rochmulyati', 'P'),
(294, 'Yusuf Syahid RI', 'L'),
(295, 'Zaahirah Hauraa Khansaa', 'P'),
(296, 'Zahira Aisyah Hasbullah', 'P'),
(297, 'Zahraani Aisyah', 'P'),
(298, 'Zaidan Asyrafi Tsakib', 'L'),
(299, 'Zaki Radika Putra', 'L'),
(300, 'Zaliqha Afarin', 'P'),
(301, 'Zhafara Maliqka Irawan', 'P'),
(302, 'Zhafran Fatih Gemilang', 'L'),
(303, 'Zhahira Brianna Devahraz', 'P'),
(304, 'Zurafa Ayuningtias', 'P');

-- --------------------------------------------------------

--
-- Table structure for table `dim_tingkatan`
--

CREATE TABLE `dim_tingkatan` (
  `id_tingkatan` int(11) NOT NULL,
  `tingkatan` varchar(50) NOT NULL
) ENGINE=InnoDB DEFAULT CHARSET=utf8mb4;

--
-- Dumping data for table `dim_tingkatan`
--

INSERT INTO `dim_tingkatan` (`id_tingkatan`, `tingkatan`) VALUES
(1, 'TK'),
(2, 'SD'),
(3, 'SMP');

-- --------------------------------------------------------

--
-- Table structure for table `dim_waktu`
--

CREATE TABLE `dim_waktu` (
  `id_waktu` int(11) NOT NULL,
  `waktu_full` date NOT NULL,
  `tahun` int(50) NOT NULL
) ENGINE=InnoDB DEFAULT CHARSET=utf8mb4;

--
-- Dumping data for table `dim_waktu`
--

INSERT INTO `dim_waktu` (`id_waktu`, `waktu_full`, `tahun`) VALUES
(1, '2017-07-08', 2017),
(2, '2017-07-11', 2017),
(3, '2017-07-13', 2017),
(4, '2017-07-13', 2017),
(5, '2017-07-13', 2017),
(6, '2017-07-27', 2017),
(7, '2017-08-15', 2017),
(8, '2017-08-16', 2017),
(9, '2017-08-22', 2017),
(10, '2017-08-22', 2017),
(11, '2017-08-22', 2017),
(12, '2017-09-11', 2017),
(13, '2017-09-11', 2017),
(14, '2017-09-20', 2017),
(15, '2017-09-22', 2017),
(16, '2017-10-16', 2017),
(17, '2017-10-16', 2017),
(18, '2017-10-29', 2017),
(19, '2017-10-08', 2017),
(20, '2017-10-24', 2017),
(21, '2017-11-06', 2017),
(22, '2017-11-22', 2017),
(23, '2017-12-12', 2017),
(24, '2017-12-12', 2017),
(25, '2017-12-14', 2017),
(26, '2017-12-22', 2017),
(27, '2017-12-22', 2017),
(28, '2018-01-05', 2018),
(29, '2018-01-11', 2018),
(30, '2018-01-11', 2018),
(31, '2018-01-11', 2018),
(32, '2018-01-22', 2018),
(33, '2018-01-22', 2018),
(34, '2018-01-23', 2018),
(35, '2018-02-12', 2018),
(36, '2018-02-15', 2018),
(37, '2018-02-15', 2018),
(38, '2018-02-15', 2018),
(39, '2018-02-27', 2018),
(40, '2018-02-28', 2018),
(41, '2018-03-02', 2018),
(42, '2018-03-06', 2018),
(43, '2018-03-06', 2018),
(44, '2018-03-07', 2018),
(45, '2018-03-21', 2018),
(46, '2018-04-16', 2018),
(47, '2018-04-16', 2018),
(48, '2018-04-20', 2018),
(49, '2018-04-23', 2018),
(50, '2018-04-23', 2018),
(51, '2018-04-23', 2018),
(52, '2018-04-26', 2018),
(53, '2018-04-30', 2018),
(54, '2018-04-30', 2018),
(55, '2018-05-05', 2018),
(56, '2018-05-08', 2018),
(57, '2018-05-09', 2018),
(58, '2018-05-14', 2018),
(59, '2018-05-16', 2018),
(60, '2018-05-30', 2018),
(61, '2018-05-30', 2018),
(62, '2018-06-04', 2018),
(63, '2018-06-29', 2018),
(64, '2018-06-29', 2018),
(65, '2018-07-04', 2018),
(66, '2018-07-04', 2018),
(67, '2018-07-04', 2018),
(68, '2018-07-17', 2018),
(69, '2018-07-17', 2018),
(70, '2018-07-20', 2018),
(71, '2018-07-21', 2018),
(72, '2018-07-31', 2018),
(73, '2018-07-31', 2018),
(74, '2018-08-13', 2018),
(75, '2018-08-16', 2018),
(76, '2018-08-23', 2018),
(77, '2018-08-23', 2018),
(78, '2018-09-05', 2018),
(79, '2018-09-05', 2018),
(80, '2018-09-06', 2018),
(81, '2018-09-06', 2018),
(82, '2018-09-06', 2018),
(83, '2018-09-19', 2018),
(84, '2018-09-21', 2018),
(85, '2018-09-21', 2018),
(86, '2018-10-10', 2018),
(87, '2018-10-22', 2018),
(88, '2018-10-23', 2018),
(89, '2018-11-01', 2018),
(90, '2018-11-01', 2018),
(91, '2018-11-07', 2018),
(92, '2018-11-07', 2018),
(93, '2018-11-07', 2018),
(94, '2018-11-14', 2018),
(95, '2018-11-19', 2018),
(96, '2018-11-27', 2018),
(97, '2018-11-27', 2018),
(98, '2018-12-11', 2018),
(99, '2018-12-12', 2018),
(100, '2018-12-17', 2018),
(101, '2018-12-17', 2018),
(102, '2018-12-17', 2018),
(103, '2018-12-28', 2018),
(104, '2019-01-07', 2019),
(105, '2019-01-10', 2019),
(106, '2019-01-10', 2019),
(107, '2019-01-10', 2019),
(108, '2019-01-10', 2019),
(109, '2019-01-11', 2019),
(110, '2019-01-16', 2019),
(111, '2019-01-16', 2019),
(112, '2019-01-16', 2019),
(113, '2019-01-29', 2019),
(114, '2019-01-31', 2019),
(115, '2019-01-31', 2019),
(116, '2019-02-06', 2019),
(117, '2019-02-11', 2019),
(118, '2019-02-11', 2019),
(119, '2019-02-21', 2019),
(120, '2019-03-01', 2019),
(121, '2019-03-05', 2019),
(122, '2019-03-08', 2019),
(123, '2019-03-18', 2019),
(124, '2019-03-19', 2019),
(125, '2019-03-20', 2019),
(126, '2019-03-28', 2019),
(127, '2019-04-05', 2019),
(128, '2019-04-05', 2019),
(129, '2019-04-09', 2019),
(130, '2019-04-11', 2019),
(131, '2019-04-11', 2019),
(132, '2019-04-16', 2019),
(133, '2019-04-18', 2019),
(134, '2019-04-18', 2019),
(135, '2019-04-18', 2019),
(136, '2019-04-23', 2019),
(137, '2019-04-24', 2019),
(138, '2019-05-14', 2019),
(139, '2019-05-17', 2019),
(140, '2019-05-17', 2019),
(141, '2019-05-20', 2019),
(142, '2019-05-22', 2019),
(143, '2019-05-22', 2019),
(144, '2019-05-23', 2019),
(145, '2019-06-17', 2019),
(146, '2019-06-19', 2019),
(147, '2019-06-19', 2019),
(148, '2019-06-26', 2019),
(149, '2019-07-05', 2019),
(150, '2019-07-09', 2019),
(151, '2019-07-09', 2019),
(152, '2019-07-10', 2019),
(153, '2019-07-10', 2019),
(154, '2019-07-10', 2019),
(155, '2019-07-17', 2019),
(156, '2019-07-23', 2019),
(157, '2019-07-23', 2019),
(158, '2019-07-31', 2019),
(159, '2019-08-14', 2019),
(160, '2019-08-20', 2019),
(161, '2019-08-29', 2019),
(162, '2019-08-30', 2019),
(163, '2019-08-30', 2019),
(164, '2019-09-03', 2019),
(165, '2019-09-05', 2019),
(166, '2019-09-06', 2019),
(167, '2019-09-06', 2019),
(168, '2019-09-06', 2019),
(169, '2019-09-10', 2019),
(170, '2019-09-20', 2019),
(171, '2019-09-24', 2019),
(172, '2019-09-30', 2019),
(173, '2019-10-01', 2019),
(174, '2019-10-01', 2019),
(175, '2019-10-04', 2019),
(176, '2019-10-07', 2019),
(177, '2019-10-11', 2019),
(178, '2019-10-11', 2019),
(179, '2019-10-11', 2019),
(180, '2019-10-18', 2019),
(181, '2019-10-25', 2019),
(182, '2019-10-28', 2019),
(183, '2019-10-28', 2019),
(184, '2019-11-06', 2019),
(185, '2019-11-14', 2019),
(186, '2019-11-14', 2019),
(187, '2019-11-19', 2019),
(188, '2019-11-19', 2019),
(189, '2019-12-16', 2019),
(190, '2019-12-19', 2019),
(191, '2019-12-23', 2019),
(192, '2019-12-23', 2019),
(193, '2019-12-23', 2019),
(194, '2020-01-07', 2020),
(195, '2020-01-07', 2020),
(196, '2020-01-15', 2020),
(197, '2020-01-16', 2020),
(198, '2020-01-20', 2020),
(199, '2020-01-22', 2020),
(200, '2020-01-24', 2020),
(201, '2020-02-06', 2020),
(202, '2020-02-14', 2020),
(203, '2020-02-17', 2020),
(204, '2020-02-18', 2020),
(205, '2020-02-19', 2020),
(206, '2020-02-03', 2020),
(207, '2020-02-24', 2020),
(208, '2020-02-24', 2020),
(209, '2020-03-03', 2020),
(210, '2020-03-05', 2020),
(211, '2020-03-06', 2020),
(212, '2020-03-10', 2020),
(213, '2020-03-19', 2020),
(214, '2020-03-29', 2020),
(215, '2017-07-03', 2017),
(216, '2017-07-04', 2017),
(217, '2017-07-04', 2017),
(218, '2017-07-05', 2017),
(219, '2017-07-05', 2017),
(220, '2017-07-05', 2017),
(221, '2017-07-05', 2017),
(222, '2017-07-10', 2017),
(223, '2017-07-12', 2017),
(224, '2017-07-13', 2017),
(225, '2017-07-13', 2017),
(226, '2017-07-13', 2017),
(227, '2017-07-13', 2017),
(228, '2017-07-21', 2017),
(229, '2017-07-21', 2017),
(230, '2017-07-24', 2017),
(231, '2017-07-26', 2017),
(232, '2017-07-26', 2017),
(233, '2017-07-26', 2017),
(234, '2017-07-28', 2017),
(235, '2017-07-28', 2017),
(236, '2017-07-28', 2017),
(237, '2017-07-28', 2017),
(238, '2017-08-02', 2017),
(239, '2017-08-03', 2017),
(240, '2017-08-04', 2017),
(241, '2017-08-04', 2017),
(242, '2017-08-08', 2017),
(243, '2017-08-08', 2017),
(244, '2017-08-10', 2017),
(245, '2017-08-11', 2017),
(246, '2017-08-14', 2017),
(247, '2017-08-16', 2017),
(248, '2017-08-16', 2017),
(249, '2017-08-16', 2017),
(250, '2017-08-22', 2017),
(251, '2017-08-22', 2017),
(252, '2017-08-29', 2017),
(253, '2017-09-05', 2017),
(254, '2017-09-05', 2017),
(255, '2017-09-07', 2017),
(256, '2017-09-08', 2017),
(257, '2017-09-09', 2017),
(258, '2017-09-11', 2017),
(259, '2017-09-11', 2017),
(260, '2017-09-11', 2017),
(261, '2017-09-13', 2017),
(262, '2017-09-15', 2017),
(263, '2017-09-15', 2017),
(264, '2017-09-15', 2017),
(265, '2017-09-20', 2017),
(266, '2017-09-26', 2017),
(267, '2017-09-28', 2017),
(268, '2017-09-28', 2017),
(269, '2017-10-05', 2017),
(270, '2017-10-05', 2017),
(271, '2017-10-10', 2017),
(272, '2017-10-10', 2017),
(273, '2017-10-12', 2017),
(274, '2017-10-12', 2017),
(275, '2017-10-12', 2017),
(276, '2017-10-23', 2017),
(277, '2017-10-25', 2017),
(278, '2017-10-27', 2017),
(279, '2017-11-03', 2017),
(280, '2017-11-06', 2017),
(281, '2017-11-06', 2017),
(282, '2017-11-06', 2017),
(283, '2017-11-06', 2017),
(284, '2017-11-08', 2017),
(285, '2017-11-08', 2017),
(286, '2017-11-10', 2017),
(287, '2017-11-14', 2017),
(288, '2017-11-22', 2017),
(289, '2017-11-28', 2017),
(290, '2017-11-28', 2017),
(291, '2017-12-04', 2017),
(292, '2017-12-04', 2017),
(293, '2017-12-07', 2017),
(294, '2017-12-08', 2017),
(295, '2017-12-08', 2017),
(296, '2017-12-08', 2017),
(297, '2017-12-12', 2017),
(298, '2017-12-14', 2017),
(299, '2017-12-15', 2017),
(300, '2017-12-15', 2017),
(301, '2017-12-18', 2017),
(302, '2017-12-19', 2017),
(303, '2017-12-19', 2017),
(304, '2017-12-19', 2017),
(305, '2017-12-22', 2017),
(306, '2018-01-03', 2018),
(307, '2018-01-05', 2018),
(308, '2018-01-08', 2018),
(309, '2018-01-08', 2018),
(310, '2018-01-10', 2018),
(311, '2018-01-10', 2018),
(312, '2018-01-11', 2018),
(313, '2018-01-12', 2018),
(314, '2018-01-16', 2018),
(315, '2018-01-16', 2018),
(316, '2018-01-16', 2018),
(317, '2018-01-26', 2018),
(318, '2018-01-23', 2018),
(319, '2018-01-23', 2018),
(320, '2018-01-23', 2018),
(321, '2018-01-24', 2018),
(322, '2018-01-24', 2018),
(323, '2018-01-24', 2018),
(324, '2018-01-26', 2018),
(325, '2018-01-26', 2018),
(326, '2018-01-30', 2018),
(327, '2018-02-06', 2018),
(328, '2018-02-06', 2018),
(329, '2018-02-09', 2018),
(330, '2018-02-09', 2018),
(331, '2018-02-13', 2018),
(332, '2018-02-15', 2018),
(333, '2018-02-15', 2018),
(334, '2018-02-15', 2018),
(335, '2018-02-19', 2018),
(336, '2018-02-21', 2018),
(337, '2018-02-23', 2018),
(338, '2018-02-28', 2018),
(339, '2018-03-05', 2018),
(340, '2018-03-05', 2018),
(341, '2018-03-06', 2018),
(342, '2018-03-07', 2018),
(343, '2018-03-07', 2018),
(344, '2018-03-07', 2018),
(345, '2018-03-13', 2018),
(346, '2018-03-14', 2018),
(347, '2018-03-15', 2018),
(348, '2018-03-15', 2018),
(349, '2018-03-20', 2018),
(350, '2018-03-20', 2018),
(351, '2018-03-20', 2018),
(352, '2018-03-27', 2018),
(353, '2018-03-28', 2018),
(354, '2018-04-02', 2018),
(355, '2018-04-02', 2018),
(356, '2018-04-02', 2018),
(357, '2018-04-04', 2018),
(358, '2018-04-04', 2018),
(359, '2018-04-06', 2018),
(360, '2018-04-06', 2018),
(361, '2018-04-10', 2018),
(362, '2018-04-10', 2018),
(363, '2018-04-16', 2018),
(364, '2018-04-16', 2018),
(365, '2018-04-17', 2018),
(366, '2018-04-18', 2018),
(367, '2018-04-18', 2018),
(368, '2018-04-18', 2018),
(369, '2018-04-19', 2018),
(370, '2018-04-20', 2018),
(371, '2018-04-20', 2018),
(372, '2018-04-23', 2018),
(373, '2018-04-24', 2018),
(374, '2018-04-26', 2018),
(375, '2018-04-27', 2018),
(376, '2018-05-02', 2018),
(377, '2018-05-09', 2018),
(378, '2018-05-09', 2018),
(379, '2018-05-09', 2018),
(380, '2018-05-11', 2018),
(381, '2018-05-11', 2018),
(382, '2018-05-14', 2018),
(383, '2018-05-17', 2018),
(384, '2018-05-18', 2018),
(385, '2018-05-18', 2018),
(386, '2018-05-23', 2018),
(387, '2018-05-25', 2018),
(388, '2018-05-25', 2018),
(389, '2018-05-25', 2018),
(390, '2018-06-04', 2018),
(391, '2018-06-04', 2018),
(392, '2018-06-06', 2018),
(393, '2018-06-06', 2018),
(394, '2018-06-12', 2018),
(395, '2018-06-12', 2018),
(396, '2018-06-22', 2018),
(397, '2018-06-29', 2018),
(398, '2018-06-29', 2018),
(399, '2018-07-10', 2018),
(400, '2018-07-12', 2018),
(401, '2018-07-12', 2018),
(402, '2018-07-13', 2018),
(403, '2018-07-13', 2018),
(404, '2018-07-13', 2018),
(405, '2018-07-16', 2018),
(406, '2018-07-19', 2018),
(407, '2018-07-19', 2018),
(408, '2018-07-19', 2018),
(409, '2018-07-23', 2018),
(410, '2018-07-23', 2018),
(411, '2018-07-23', 2018),
(412, '2018-07-25', 2018),
(413, '2018-07-26', 2018),
(414, '2018-07-27', 2018),
(415, '2018-07-30', 2018),
(416, '2018-07-30', 2018),
(417, '2018-08-03', 2018),
(418, '2018-08-03', 2018),
(419, '2018-08-07', 2018),
(420, '2018-08-09', 2018),
(421, '2018-08-10', 2018),
(422, '2018-08-28', 2018),
(423, '2018-08-30', 2018),
(424, '2018-08-30', 2018),
(425, '2018-09-05', 2018),
(426, '2018-09-05', 2018),
(427, '2018-09-06', 2018),
(428, '2018-09-06', 2018),
(429, '2018-09-14', 2018),
(430, '2018-09-19', 2018),
(431, '2018-09-21', 2018),
(432, '2018-09-21', 2018),
(433, '2018-10-03', 2018),
(434, '2018-10-03', 2018),
(435, '2018-10-03', 2018),
(436, '2018-10-04', 2018),
(437, '2018-10-04', 2018),
(438, '2018-10-08', 2018),
(439, '2018-10-10', 2018),
(440, '2018-10-11', 2018),
(441, '2018-10-23', 2018),
(442, '2018-11-01', 2018),
(443, '2018-11-01', 2018),
(444, '2018-11-02', 2018),
(445, '2018-11-07', 2018),
(446, '2018-11-07', 2018),
(447, '2018-11-08', 2018),
(448, '2018-11-19', 2018),
(449, '2018-11-27', 2018),
(450, '2018-11-27', 2018),
(451, '2018-12-06', 2018),
(452, '2018-12-06', 2018),
(453, '2018-12-07', 2018),
(454, '2018-12-10', 2018),
(455, '2018-12-10', 2018),
(456, '2018-12-11', 2018),
(457, '2018-12-11', 2018),
(458, '2018-12-11', 2018),
(459, '2018-12-19', 2018),
(460, '2018-12-19', 2018),
(461, '2018-12-21', 2018),
(462, '2018-12-26', 2018),
(463, '2019-01-02', 2019),
(464, '2019-01-02', 2019),
(465, '2019-01-03', 2019),
(466, '2019-01-03', 2019),
(467, '2019-01-03', 2019),
(468, '2019-01-07', 2019),
(469, '2019-01-10', 2019),
(470, '2019-01-10', 2019),
(471, '2019-01-11', 2019),
(472, '2019-01-15', 2019),
(473, '2019-01-23', 2019),
(474, '2019-01-23', 2019),
(475, '2019-01-24', 2019),
(476, '2019-01-25', 2019),
(477, '2019-01-25', 2019),
(478, '2019-01-25', 2019),
(479, '2019-01-25', 2019),
(480, '2019-01-29', 2019),
(481, '2019-01-29', 2019),
(482, '2019-01-30', 2019),
(483, '2019-01-30', 2019),
(484, '2019-01-30', 2019),
(485, '2019-01-31', 2019),
(486, '2019-01-31', 2019),
(487, '2019-02-12', 2019),
(488, '2019-02-11', 2019),
(489, '2019-02-11', 2019),
(490, '2019-02-14', 2019),
(491, '2019-02-19', 2019),
(492, '2019-02-19', 2019),
(493, '2019-02-20', 2019),
(494, '2019-02-21', 2019),
(495, '2019-03-01', 2019),
(496, '2019-03-05', 2019),
(497, '2019-03-08', 2019),
(498, '2019-03-08', 2019),
(499, '2019-03-12', 2019),
(500, '2019-03-12', 2019),
(501, '2019-03-12', 2019),
(502, '2019-03-12', 2019),
(503, '2019-03-13', 2019),
(504, '2019-03-13', 2019),
(505, '2019-03-14', 2019),
(506, '2019-03-14', 2019),
(507, '2019-03-19', 2019),
(508, '2019-03-21', 2019),
(509, '2019-03-21', 2019),
(510, '2019-03-22', 2019),
(511, '2019-03-22', 2019),
(512, '2019-03-25', 2019),
(513, '2019-03-27', 2019),
(514, '2019-03-28', 2019),
(515, '2019-03-28', 2019),
(516, '2019-04-05', 2019),
(517, '2019-04-05', 2019),
(518, '2019-04-05', 2019),
(519, '2019-04-08', 2019),
(520, '2019-04-08', 2019),
(521, '2019-04-10', 2019),
(522, '2019-04-11', 2019),
(523, '2019-04-11', 2019),
(524, '2019-04-11', 2019),
(525, '2019-04-12', 2019),
(526, '2019-04-16', 2019),
(527, '2019-04-16', 2019),
(528, '2019-04-18', 2019),
(529, '2019-04-22', 2019),
(530, '2019-04-22', 2019),
(531, '2019-04-23', 2019),
(532, '2019-05-03', 2019),
(533, '2019-05-03', 2019),
(534, '2019-05-06', 2019),
(535, '2019-05-09', 2019),
(536, '2019-05-09', 2019),
(537, '2019-05-10', 2019),
(538, '2019-05-20', 2019),
(539, '2019-05-20', 2019),
(540, '2019-05-24', 2019),
(541, '2019-05-24', 2019),
(542, '2019-05-28', 2019),
(543, '2019-05-29', 2019),
(544, '2019-05-29', 2019),
(545, '2019-05-31', 2019),
(546, '2019-06-17', 2019),
(547, '2019-06-19', 2019),
(548, '2019-06-19', 2019),
(549, '2019-06-20', 2019),
(550, '2019-06-26', 2019),
(551, '2019-06-26', 2019),
(552, '2019-07-03', 2019),
(553, '2019-07-03', 2019),
(554, '2019-07-03', 2019),
(555, '2019-07-04', 2019),
(556, '2019-07-08', 2019),
(557, '2019-07-10', 2019),
(558, '2019-07-17', 2019),
(559, '2019-07-17', 2019),
(560, '2019-07-17', 2019),
(561, '2019-07-21', 2019),
(562, '2019-07-21', 2019),
(563, '2019-07-24', 2019),
(564, '2019-07-28', 2019),
(565, '2019-07-28', 2019),
(566, '2019-07-30', 2019),
(567, '2019-07-30', 2019),
(568, '2019-07-31', 2019),
(569, '2019-07-31', 2019),
(570, '2018-08-07', 2018),
(571, '2018-08-09', 2018),
(572, '2018-08-09', 2018),
(573, '2018-08-14', 2018),
(574, '2018-08-14', 2018),
(575, '2018-08-14', 2018),
(576, '2018-08-21', 2018),
(577, '2018-08-23', 2018),
(578, '2018-08-27', 2018),
(579, '2018-08-27', 2018),
(580, '2018-08-27', 2018),
(581, '2018-08-27', 2018),
(582, '2019-09-03', 2019),
(583, '2019-09-05', 2019),
(584, '2019-09-06', 2019),
(585, '2019-09-06', 2019),
(586, '2019-09-06', 2019),
(587, '2019-09-10', 2019),
(588, '2019-09-20', 2019),
(589, '2019-09-24', 2019),
(590, '2019-10-01', 2019),
(591, '2019-10-01', 2019),
(592, '2019-10-04', 2019),
(593, '2019-10-07', 2019),
(594, '2019-10-11', 2019),
(595, '2019-10-11', 2019),
(596, '2019-10-11', 2019),
(597, '2019-10-18', 2019),
(598, '2019-10-25', 2019),
(599, '2019-10-28', 2019),
(600, '2019-10-28', 2019),
(601, '2019-11-06', 2019),
(602, '2019-11-14', 2019),
(603, '2019-11-14', 2019),
(604, '2019-11-19', 2019),
(605, '2019-11-19', 2019),
(606, '2019-12-16', 2019),
(607, '2019-12-19', 2019),
(608, '2019-12-23', 2019),
(609, '2019-12-23', 2019),
(610, '2019-12-23', 2019),
(611, '2020-01-07', 2020),
(612, '2020-01-15', 2020),
(613, '2020-01-15', 2020),
(614, '2020-01-16', 2020),
(615, '2020-01-20', 2020),
(616, '2020-01-22', 2020),
(617, '2020-01-24', 2020),
(618, '2020-02-06', 2020),
(619, '2020-02-14', 2020),
(620, '2020-02-17', 2020),
(621, '2020-02-17', 2020),
(622, '2020-02-17', 2020),
(623, '2020-02-03', 2020),
(624, '2020-02-24', 2020),
(625, '2020-02-24', 2020),
(626, '2020-03-03', 2020),
(627, '2020-03-05', 2020),
(628, '2020-03-06', 2020),
(629, '2020-03-10', 2020),
(630, '2020-03-19', 2020),
(631, '2020-03-19', 2020),
(632, '2017-07-05', 2017),
(633, '2017-07-05', 2017),
(634, '2017-07-10', 2017),
(635, '2017-07-12', 2017),
(636, '2017-07-13', 2017),
(637, '2017-07-21', 2017),
(638, '2017-07-21', 2017),
(639, '2017-07-24', 2017),
(640, '2017-07-28', 2017),
(641, '2017-08-02', 2017),
(642, '2017-08-03', 2017),
(643, '2017-08-04', 2017),
(644, '2017-08-11', 2017),
(645, '2017-08-14', 2017),
(646, '2017-08-16', 2017),
(647, '2017-09-11', 2017),
(648, '2017-09-11', 2017),
(649, '2017-09-11', 2017),
(650, '2017-09-13', 2017),
(651, '2017-09-15', 2017),
(652, '2017-09-15', 2017),
(653, '2017-09-15', 2017),
(654, '2017-09-20', 2017),
(655, '2017-10-12', 2017),
(656, '2017-10-12', 2017),
(657, '2017-10-23', 2017),
(658, '2017-11-06', 2017),
(659, '2017-11-06', 2017),
(660, '2017-11-08', 2017),
(661, '2017-11-08', 2017),
(662, '2017-11-10', 2017),
(663, '2017-11-14', 2017),
(664, '2017-11-22', 2017),
(665, '2017-11-28', 2017),
(666, '2017-11-28', 2017),
(667, '2017-12-04', 2017),
(668, '2017-12-19', 2017),
(669, '2017-12-19', 2017),
(670, '2017-12-22', 2017),
(671, '2018-01-03', 2018),
(672, '2018-01-05', 2018),
(673, '2018-01-08', 2018),
(674, '2018-01-08', 2018),
(675, '2018-01-16', 2018),
(676, '2018-01-16', 2018),
(677, '2018-01-16', 2018),
(678, '2018-01-26', 2018),
(679, '2018-01-23', 2018),
(680, '2018-01-23', 2018),
(681, '2018-01-26', 2018),
(682, '2018-01-26', 2018),
(683, '2018-01-30', 2018),
(684, '2018-02-06', 2018),
(685, '2018-02-06', 2018),
(686, '2018-02-09', 2018),
(687, '2018-02-09', 2018),
(688, '2018-02-13', 2018),
(689, '2018-02-28', 2018),
(690, '2018-03-05', 2018),
(691, '2018-03-05', 2018),
(692, '2018-03-06', 2018),
(693, '2018-03-07', 2018),
(694, '2018-03-07', 2018),
(695, '2018-03-07', 2018),
(696, '2018-03-13', 2018),
(697, '2018-03-14', 2018),
(698, '2018-03-15', 2018),
(699, '2018-03-28', 2018),
(700, '2018-04-02', 2018),
(701, '2018-04-02', 2018),
(702, '2018-04-02', 2018),
(703, '2018-04-04', 2018),
(704, '2018-04-04', 2018),
(705, '2018-04-06', 2018),
(706, '2018-04-06', 2018),
(707, '2018-04-10', 2018),
(708, '2018-04-10', 2018),
(709, '2018-04-16', 2018),
(710, '2018-04-16', 2018),
(711, '2018-04-20', 2018),
(712, '2018-04-20', 2018),
(713, '2018-04-23', 2018),
(714, '2018-04-24', 2018),
(715, '2018-04-26', 2018),
(716, '2018-04-27', 2018),
(717, '2018-05-25', 2018),
(718, '2018-05-25', 2018),
(719, '2018-06-04', 2018),
(720, '2018-06-04', 2018),
(721, '2018-06-06', 2018),
(722, '2018-06-06', 2018),
(723, '2018-06-12', 2018),
(724, '2018-06-12', 2018),
(725, '2018-06-22', 2018),
(726, '2018-06-29', 2018),
(727, '2018-06-29', 2018),
(728, '2018-07-23', 2018),
(729, '2018-07-23', 2018),
(730, '2018-07-25', 2018),
(731, '2018-07-26', 2018),
(732, '2018-07-27', 2018),
(733, '2018-07-30', 2018),
(734, '2018-07-30', 2018),
(735, '2018-08-03', 2018),
(736, '2018-08-03', 2018),
(737, '2018-08-07', 2018),
(738, '2018-09-05', 2018),
(739, '2018-09-06', 2018),
(740, '2018-09-06', 2018),
(741, '2018-09-14', 2018),
(742, '2018-09-19', 2018),
(743, '2018-09-21', 2018),
(744, '2018-09-21', 2018),
(745, '2018-10-03', 2018),
(746, '2018-11-07', 2018),
(747, '2018-11-07', 2018),
(748, '2018-11-08', 2018),
(749, '2018-12-06', 2018),
(750, '2018-12-07', 2018),
(751, '2018-12-10', 2018),
(752, '2018-12-10', 2018),
(753, '2018-12-11', 2018),
(754, '2018-12-11', 2018),
(755, '2018-12-11', 2018),
(756, '2018-12-19', 2018),
(757, '2018-12-19', 2018),
(758, '2018-12-21', 2018),
(759, '2018-12-26', 2018),
(760, '2019-01-02', 2019),
(761, '2019-01-10', 2019),
(762, '2019-01-10', 2019),
(763, '2019-01-11', 2019),
(764, '2019-01-15', 2019),
(765, '2019-01-23', 2019),
(766, '2019-01-23', 2019),
(767, '2019-01-24', 2019),
(768, '2019-01-25', 2019),
(769, '2019-01-25', 2019),
(770, '2019-01-29', 2019),
(771, '2019-01-30', 2019),
(772, '2019-01-30', 2019),
(773, '2019-02-12', 2019),
(774, '2019-02-11', 2019),
(775, '2019-02-11', 2019),
(776, '2019-03-28', 2019),
(777, '2019-03-28', 2019),
(778, '2019-04-05', 2019),
(779, '2019-04-05', 2019),
(780, '2019-04-05', 2019),
(781, '2019-04-08', 2019),
(782, '2019-04-08', 2019),
(783, '2019-04-10', 2019),
(784, '2019-04-11', 2019),
(785, '2019-04-11', 2019),
(786, '2019-04-11', 2019),
(787, '2019-04-12', 2019),
(788, '2019-04-16', 2019),
(789, '2019-04-16', 2019),
(790, '2019-04-18', 2019),
(791, '2019-04-22', 2019),
(792, '2019-04-22', 2019),
(793, '2019-04-23', 2019),
(794, '2019-05-03', 2019),
(795, '2019-05-03', 2019),
(796, '2019-05-06', 2019),
(797, '2019-05-09', 2019),
(798, '2019-05-09', 2019),
(799, '2019-05-10', 2019),
(800, '2019-05-29', 2019),
(801, '2019-05-29', 2019),
(802, '2019-05-31', 2019),
(803, '2019-06-17', 2019),
(804, '2019-06-19', 2019),
(805, '2019-06-19', 2019),
(806, '2019-06-20', 2019),
(807, '2019-06-26', 2019),
(808, '2019-07-24', 2019),
(809, '2019-07-28', 2019),
(810, '2019-07-28', 2019),
(811, '2019-07-30', 2019),
(812, '2018-08-07', 2018),
(813, '2018-08-09', 2018),
(814, '2018-08-27', 2018),
(815, '2018-08-27', 2018),
(816, '2018-08-27', 2018),
(817, '2018-08-27', 2018),
(818, '2019-09-03', 2019),
(819, '2019-09-05', 2019),
(820, '2019-09-06', 2019),
(821, '2019-09-06', 2019),
(822, '2019-09-06', 2019),
(823, '2019-10-28', 2019),
(824, '2019-10-28', 2019),
(825, '2019-11-06', 2019),
(826, '2019-11-14', 2019),
(827, '2019-12-23', 2019),
(828, '2019-12-23', 2019),
(829, '2019-12-23', 2019),
(830, '2020-01-07', 2020),
(831, '2020-01-15', 2020),
(832, '2020-01-15', 2020),
(833, '2020-01-16', 2020),
(834, '2020-01-20', 2020),
(835, '2020-01-22', 2020),
(836, '2020-01-24', 2020),
(837, '2020-02-06', 2020),
(838, '2020-02-14', 2020),
(839, '2020-02-17', 2020),
(840, '2020-02-17', 2020),
(841, '2020-02-17', 2020),
(842, '2020-03-05', 2020),
(843, '2020-03-06', 2020),
(844, '2020-03-10', 2020),
(845, '2020-03-19', 2020),
(846, '2020-03-19', 2020),
(847, '2017-01-12', 2017),
(848, '2017-02-13', 2017),
(849, '2017-02-22', 2017),
(850, '2017-03-01', 2017),
(851, '2017-05-21', 2017),
(852, '2017-05-27', 2017),
(853, '2017-07-16', 2017),
(854, '2017-09-03', 2017),
(855, '2017-11-18', 2017),
(856, '2017-11-18', 2017),
(857, '2017-01-08', 2017),
(858, '2017-01-28', 2017),
(859, '2017-02-23', 2017),
(860, '2017-05-12', 2017),
(861, '2017-10-23', 2017),
(862, '2017-02-12', 2017),
(863, '2017-05-28', 2017),
(864, '2017-09-17', 2017),
(865, '2017-10-29', 2017),
(866, '2017-11-17', 2017),
(867, '2017-02-17', 2017),
(868, '2017-05-03', 2017),
(869, '2017-06-02', 2017),
(870, '2017-07-16', 2017),
(871, '2017-09-03', 2017),
(872, '2017-09-18', 2017),
(873, '2017-11-18', 2017),
(874, '2018-02-12', 2018),
(875, '2018-04-13', 2018),
(876, '2018-05-22', 2018),
(877, '2018-08-01', 2018),
(878, '2018-09-21', 2018),
(879, '2018-03-27', 2018),
(880, '2018-07-19', 2018),
(881, '2018-09-03', 2018),
(882, '2018-02-18', 2018),
(883, '2018-04-07', 2018),
(884, '2018-05-08', 2018),
(885, '2018-11-01', 2018),
(886, '2018-02-23', 2018),
(887, '2018-04-12', 2018),
(888, '2018-04-12', 2018),
(889, '2018-09-10', 2018),
(890, '2018-05-28', 2018),
(891, '2018-09-03', 2018),
(892, '2018-11-29', 2018),
(893, '2018-05-17', 2018),
(894, '2018-05-17', 2018),
(895, '2019-05-03', 2019),
(896, '2019-07-02', 2019),
(897, '2019-07-16', 2019),
(898, '2019-10-03', 2019),
(899, '2019-11-08', 2019),
(900, '2019-07-15', 2019),
(901, '2019-06-22', 2019),
(902, '2019-05-03', 2019),
(903, '2019-07-02', 2019),
(904, '2019-07-16', 2019),
(905, '2019-10-03', 2019),
(906, '2019-11-08', 2019),
(907, '2019-07-15', 2019),
(908, '2019-06-22', 2019),
(909, '2019-10-03', 2019),
(910, '2019-11-08', 2019),
(911, '2019-07-15', 2019),
(912, '2019-06-22', 2019),
(913, '2020-02-08', 2020),
(914, '2020-02-01', 2020),
(915, '2020-02-12', 2020),
(916, '2020-10-05', 2020),
(917, '2019-11-10', 2019);

-- --------------------------------------------------------

--
-- Table structure for table `fact_absensi`
--

CREATE TABLE `fact_absensi` (
  `id_fact_absensi` int(11) NOT NULL,
  `id_waktu` int(11) NOT NULL,
  `id_tingkatan` varchar(100) NOT NULL,
  `jenis_kelamin` varchar(100) NOT NULL,
  `id_absensi` varchar(100) NOT NULL
) ENGINE=InnoDB DEFAULT CHARSET=utf8mb4;

--
-- Dumping data for table `fact_absensi`
--

INSERT INTO `fact_absensi` (`id_fact_absensi`, `id_waktu`, `id_tingkatan`, `jenis_kelamin`, `id_absensi`) VALUES
(1, 1, '1', 'L', '1'),
(2, 2, '1', 'L', '2'),
(3, 3, '1', 'P', '2'),
(4, 4, '1', 'P', '3'),
(5, 5, '1', 'P', '2'),
(6, 6, '1', 'P', '3'),
(7, 7, '1', 'L', '2'),
(8, 8, '1', 'L', '2'),
(9, 9, '1', 'P', '3'),
(10, 10, '1', 'P', '2'),
(11, 11, '1', 'P', '3'),
(12, 12, '1', 'L', '2'),
(13, 13, '1', 'L', '1'),
(14, 14, '1', 'L', '2'),
(15, 15, '1', 'L', '3'),
(16, 16, '1', 'P', '2'),
(17, 17, '1', 'L', '2'),
(18, 18, '1', 'L', '1'),
(19, 19, '1', 'P', '3'),
(20, 20, '1', 'P', '2'),
(21, 21, '1', 'L', '2'),
(22, 22, '1', 'P', '1'),
(23, 23, '1', 'P', '1'),
(24, 24, '1', 'P', '2'),
(25, 25, '1', 'L', '3'),
(26, 26, '1', 'L', '2'),
(27, 27, '1', 'P', '1'),
(28, 28, '1', 'L', '3'),
(29, 29, '1', 'P', '3'),
(30, 30, '1', 'L', '2'),
(31, 31, '1', 'L', '1'),
(32, 32, '1', 'L', '1'),
(33, 33, '1', 'L', '1'),
(34, 34, '1', 'P', '3'),
(35, 35, '1', 'P', '1'),
(36, 36, '1', 'P', '3'),
(37, 37, '1', 'P', '1'),
(38, 38, '1', 'L', '2'),
(39, 39, '1', 'P', '1'),
(40, 40, '1', 'L', '1'),
(41, 41, '1', 'L', '1'),
(42, 42, '1', 'P', '2'),
(43, 43, '1', 'P', '3'),
(44, 44, '1', 'L', '1'),
(45, 45, '1', 'L', '1'),
(46, 46, '1', 'L', '1'),
(47, 47, '1', 'P', '3'),
(48, 48, '1', 'L', '1'),
(49, 49, '1', 'L', '3'),
(50, 50, '1', 'P', '1'),
(51, 51, '1', 'L', '2'),
(52, 52, '1', 'L', '3'),
(53, 53, '1', 'P', '1'),
(54, 54, '1', 'P', '2'),
(55, 55, '1', 'L', '1'),
(56, 56, '1', 'L', '3'),
(57, 57, '1', 'P', '3'),
(58, 58, '1', 'P', '3'),
(59, 59, '1', 'P', '2'),
(60, 60, '1', 'P', '1'),
(61, 61, '1', 'P', '1'),
(62, 62, '1', 'L', '2'),
(63, 63, '1', 'L', '3'),
(64, 64, '1', 'P', '3'),
(65, 65, '1', 'L', '3'),
(66, 66, '1', 'P', '2'),
(67, 67, '1', 'P', '2'),
(68, 68, '1', 'P', '1'),
(69, 69, '1', 'L', '3'),
(70, 70, '1', 'P', '2'),
(71, 71, '1', 'P', '1'),
(72, 72, '1', 'P', '1'),
(73, 73, '1', 'L', '2'),
(74, 74, '1', 'L', '3'),
(75, 75, '1', 'L', '1'),
(76, 76, '1', 'L', '1'),
(77, 77, '1', 'P', '1'),
(78, 78, '1', 'P', '3'),
(79, 79, '1', 'P', '3'),
(80, 80, '1', 'L', '1'),
(81, 81, '1', 'P', '3'),
(82, 82, '1', 'L', '3'),
(83, 83, '1', 'L', '3'),
(84, 84, '1', 'P', '1'),
(85, 85, '1', 'L', '2'),
(86, 86, '1', 'P', '1'),
(87, 87, '1', 'P', '3'),
(88, 88, '1', 'P', '2'),
(89, 89, '1', 'L', '3'),
(90, 90, '1', 'L', '2'),
(91, 91, '1', 'P', '1'),
(92, 92, '1', 'L', '1'),
(93, 93, '1', 'P', '1'),
(94, 94, '1', 'L', '1'),
(95, 95, '1', 'P', '3'),
(96, 96, '1', 'L', '3'),
(97, 97, '1', 'L', '1'),
(98, 98, '1', 'L', '2'),
(99, 99, '1', 'L', '1'),
(100, 100, '1', 'P', '3'),
(101, 101, '1', 'P', '3'),
(102, 102, '1', 'P', '1'),
(103, 103, '1', 'P', '1'),
(104, 104, '1', 'L', '3'),
(105, 105, '1', 'P', '1'),
(106, 106, '1', 'L', '2'),
(107, 107, '1', 'P', '1'),
(108, 108, '1', 'P', '3'),
(109, 109, '1', 'P', '2'),
(110, 110, '1', 'L', '3'),
(111, 111, '1', 'L', '2'),
(112, 112, '1', 'P', '1'),
(113, 113, '1', 'L', '1'),
(114, 114, '1', 'P', '1'),
(115, 115, '1', 'L', '2'),
(116, 116, '1', 'P', '3'),
(117, 117, '1', 'L', '3'),
(118, 118, '1', 'L', '2'),
(119, 119, '1', 'L', '1'),
(120, 120, '1', 'L', '1'),
(121, 121, '1', 'P', '3'),
(122, 122, '1', 'P', '3'),
(123, 123, '1', 'P', '1'),
(124, 124, '1', 'P', '1'),
(125, 125, '1', 'L', '2'),
(126, 126, '1', 'L', '3'),
(127, 127, '1', 'P', '3'),
(128, 128, '1', 'P', '3'),
(129, 129, '1', 'P', '2'),
(130, 130, '1', 'P', '3'),
(131, 131, '1', 'L', '2'),
(132, 132, '1', 'L', '1'),
(133, 133, '1', 'P', '3'),
(134, 134, '1', 'P', '3'),
(135, 135, '1', 'L', '1'),
(136, 136, '1', 'L', '3'),
(137, 137, '1', 'L', '2'),
(138, 138, '1', 'P', '2'),
(139, 139, '1', 'L', '3'),
(140, 140, '1', 'P', '3'),
(141, 141, '1', 'P', '3'),
(142, 142, '1', 'L', '2'),
(143, 143, '1', 'P', '1'),
(144, 144, '1', 'P', '2'),
(145, 145, '1', 'L', '2'),
(146, 146, '1', 'L', '1'),
(147, 147, '1', 'P', '2'),
(148, 148, '1', 'L', '1'),
(149, 149, '1', 'L', '3'),
(150, 150, '1', 'L', '1'),
(151, 151, '1', 'P', '3'),
(152, 152, '1', 'P', '3'),
(153, 153, '1', 'L', '1'),
(154, 154, '1', 'P', '3'),
(155, 155, '1', 'L', '1'),
(156, 156, '1', 'L', '3'),
(157, 157, '1', 'L', '3'),
(158, 158, '1', 'P', '1'),
(159, 159, '1', 'P', '1'),
(160, 160, '1', 'L', '1'),
(161, 161, '1', 'L', '3'),
(162, 162, '1', 'L', '3'),
(163, 163, '1', 'P', '2'),
(164, 164, '1', 'P', '3'),
(165, 165, '1', 'L', '3'),
(166, 166, '1', 'P', '1'),
(167, 167, '1', 'P', '1'),
(168, 168, '1', 'P', '1'),
(169, 169, '1', 'P', '3'),
(170, 170, '1', 'P', '1'),
(171, 171, '1', 'L', '1'),
(172, 172, '1', 'P', '3'),
(173, 173, '1', 'P', '2'),
(174, 174, '1', 'L', '3'),
(175, 175, '1', 'L', '1'),
(176, 176, '1', 'P', '3'),
(177, 177, '1', 'L', '3'),
(178, 178, '1', 'P', '3'),
(179, 179, '1', 'P', '1'),
(180, 180, '1', 'L', '1'),
(181, 181, '1', 'P', '1'),
(182, 182, '1', 'L', '3'),
(183, 183, '1', 'P', '1'),
(184, 184, '1', 'P', '1'),
(185, 185, '1', 'L', '3'),
(186, 186, '1', 'L', '3'),
(187, 187, '1', 'P', '3'),
(188, 188, '1', 'P', '1'),
(189, 189, '1', 'P', '3'),
(190, 190, '1', 'P', '3'),
(191, 191, '1', 'L', '1'),
(192, 192, '1', 'L', '1'),
(193, 193, '1', 'P', '3'),
(194, 194, '1', 'P', '2'),
(195, 195, '1', 'P', '2'),
(196, 196, '1', 'P', '2'),
(197, 197, '1', 'L', '3'),
(198, 198, '1', 'L', '2'),
(199, 199, '1', 'L', '2'),
(200, 200, '1', 'L', '2'),
(201, 201, '1', 'P', '2'),
(202, 202, '1', 'P', '2'),
(203, 203, '1', 'L', '2'),
(204, 204, '1', 'L', '2'),
(205, 205, '1', 'P', '2'),
(206, 206, '1', 'P', '2'),
(207, 207, '1', 'P', '3'),
(208, 208, '1', 'L', '2'),
(209, 209, '1', 'P', '1'),
(210, 210, '1', 'L', '2'),
(211, 211, '1', 'P', '2'),
(212, 212, '1', 'L', '2'),
(213, 213, '1', 'L', '2'),
(214, 214, '1', 'L', '2'),
(215, 215, '2', 'P', '3'),
(216, 216, '2', 'L', '1'),
(217, 217, '2', 'L', '1'),
(218, 218, '2', 'P', '1'),
(219, 219, '2', 'P', '1'),
(220, 220, '2', 'L', '1'),
(221, 221, '2', 'L', '3'),
(222, 222, '2', 'L', '2'),
(223, 223, '2', 'L', '3'),
(224, 224, '2', 'P', '3'),
(225, 225, '2', 'P', '2'),
(226, 226, '2', 'L', '1'),
(227, 227, '2', 'P', '1'),
(228, 228, '2', 'L', '3'),
(229, 229, '2', 'L', '3'),
(230, 230, '2', 'P', '1'),
(231, 231, '2', 'L', '3'),
(232, 232, '2', 'L', '3'),
(233, 233, '2', 'L', '3'),
(234, 234, '2', 'P', '3'),
(235, 235, '2', 'L', '1'),
(236, 236, '2', 'L', '1'),
(237, 237, '2', 'L', '2'),
(238, 238, '2', 'L', '3'),
(239, 239, '2', 'L', '3'),
(240, 240, '2', 'P', '3'),
(241, 241, '2', 'P', '3'),
(242, 242, '2', 'L', '3'),
(243, 243, '2', 'L', '3'),
(244, 244, '2', 'L', '1'),
(245, 245, '2', 'P', '1'),
(246, 246, '2', 'P', '1'),
(247, 247, '2', 'L', '1'),
(248, 248, '2', 'P', '3'),
(249, 249, '2', 'P', '3'),
(250, 250, '2', 'L', '1'),
(251, 251, '2', 'L', '1'),
(252, 252, '2', 'L', '1'),
(253, 253, '2', 'L', '1'),
(254, 254, '2', 'L', '1'),
(255, 255, '2', 'P', '3'),
(256, 256, '2', 'P', '1'),
(257, 257, '2', 'P', '2'),
(258, 258, '2', 'L', '3'),
(259, 259, '2', 'L', '3'),
(260, 260, '2', 'P', '3'),
(261, 261, '2', 'L', '1'),
(262, 262, '2', 'L', '3'),
(263, 263, '2', 'L', '3'),
(264, 264, '2', 'L', '3'),
(265, 265, '2', 'L', '2'),
(266, 266, '2', 'P', '1'),
(267, 267, '2', 'P', '3'),
(268, 268, '2', 'L', '2'),
(269, 269, '2', 'P', '1'),
(270, 270, '2', 'P', '2'),
(271, 271, '2', 'P', '1'),
(272, 272, '2', 'P', '1'),
(273, 273, '2', 'P', '3'),
(274, 274, '2', 'P', '3'),
(275, 275, '2', 'L', '1'),
(276, 276, '2', 'L', '1'),
(277, 277, '2', 'P', '3'),
(278, 278, '2', 'L', '3'),
(279, 279, '2', 'P', '3'),
(280, 280, '2', 'P', '3'),
(281, 281, '2', 'L', '1'),
(282, 282, '2', 'L', '1'),
(283, 283, '2', 'L', '1'),
(284, 284, '2', 'P', '3'),
(285, 285, '2', 'P', '3'),
(286, 286, '2', 'L', '3'),
(287, 287, '2', 'L', '3'),
(288, 288, '2', 'L', '3'),
(289, 289, '2', 'L', '1'),
(290, 290, '2', 'L', '1'),
(291, 291, '2', 'P', '3'),
(292, 292, '2', 'P', '2'),
(293, 293, '2', 'L', '3'),
(294, 294, '2', 'L', '2'),
(295, 295, '2', 'L', '1'),
(296, 296, '2', 'L', '1'),
(297, 297, '2', 'P', '3'),
(298, 298, '2', 'L', '1'),
(299, 299, '2', 'L', '1'),
(300, 300, '2', 'L', '3'),
(301, 301, '2', 'P', '3'),
(302, 302, '2', 'L', '2'),
(303, 303, '2', 'P', '1'),
(304, 304, '2', 'P', '1'),
(305, 305, '2', 'L', '1'),
(306, 306, '2', 'P', '3'),
(307, 307, '2', 'P', '1'),
(308, 308, '2', 'P', '1'),
(309, 309, '2', 'P', '3'),
(310, 310, '2', 'L', '3'),
(311, 311, '2', 'L', '3'),
(312, 312, '2', 'P', '1'),
(313, 313, '2', 'P', '1'),
(314, 314, '2', 'P', '1'),
(315, 315, '2', 'L', '1'),
(316, 316, '2', 'L', '3'),
(317, 317, '2', 'L', '2'),
(318, 318, '2', 'P', '3'),
(319, 319, '2', 'P', '3'),
(320, 320, '2', 'L', '3'),
(321, 321, '2', 'P', '1'),
(322, 322, '2', 'L', '3'),
(323, 323, '2', 'P', '1'),
(324, 324, '2', 'L', '3'),
(325, 325, '2', 'P', '1'),
(326, 326, '2', ' P', '2'),
(327, 327, '2', 'P', '3'),
(328, 328, '2', 'P', '3'),
(329, 329, '2', 'P', '1'),
(330, 330, '2', 'P', '1'),
(331, 331, '2', 'L', '3'),
(332, 332, '2', 'P', '1'),
(333, 333, '2', 'P', '1'),
(334, 334, '2', 'L', '3'),
(335, 335, '2', 'L', '3'),
(336, 336, '2', 'P', '1'),
(337, 337, '2', 'P', '1'),
(338, 338, '2', 'P', '2'),
(339, 339, '2', 'L', '3'),
(340, 340, '2', 'L', '3'),
(341, 341, '2', 'P', '3'),
(342, 342, '2', 'L', '2'),
(343, 343, '2', 'P', '3'),
(344, 344, '2', 'P', '3'),
(345, 345, '2', 'P', '1'),
(346, 346, '2', 'P', '1'),
(347, 347, '2', 'L', '1'),
(348, 348, '2', 'L', '3'),
(349, 349, '2', 'L', '1'),
(350, 350, '2', 'P', '3'),
(351, 351, '2', 'L', '1'),
(352, 352, '2', 'P', '1'),
(353, 353, '2', 'L', '2'),
(354, 354, '2', 'L', '3'),
(355, 355, '2', 'L', '3'),
(356, 356, '2', 'L', '3'),
(357, 357, '2', 'P', '1'),
(358, 358, '2', 'P', '1'),
(359, 359, '2', 'L', '1'),
(360, 360, '2', 'P', '3'),
(361, 361, '2', 'L', '1'),
(362, 362, '2', 'L', '1'),
(363, 363, '2', 'P', '3'),
(364, 364, '2', 'P', '3'),
(365, 365, '2', 'P', '1'),
(366, 366, '2', 'L', '3'),
(367, 367, '2', 'L', '1'),
(368, 368, '2', 'P', '1'),
(369, 369, '2', 'P', '3'),
(370, 370, '2', 'P', '2'),
(371, 371, '2', 'L', '1'),
(372, 372, '2', 'P', '1'),
(373, 373, '2', 'P', '1'),
(374, 374, '2', 'L', '3'),
(375, 375, '2', 'L', '3'),
(376, 376, '2', 'P', '3'),
(377, 377, '2', 'L', '1'),
(378, 378, '2', 'L', '1'),
(379, 379, '2', 'L', '1'),
(380, 380, '2', 'L', '1'),
(381, 381, '2', 'P', '1'),
(382, 382, '2', 'P', '3'),
(383, 383, '2', 'L', '3'),
(384, 384, '2', 'L', '3'),
(385, 385, '2', 'L', '3'),
(386, 386, '2', 'P', '3'),
(387, 387, '2', 'P', '3'),
(388, 388, '2', 'P', '2'),
(389, 389, '2', 'P', '3'),
(390, 390, '2', 'L', '1'),
(391, 391, '2', 'L', '1'),
(392, 392, '2', 'P', '3'),
(393, 393, '2', 'L', '3'),
(394, 394, '2', 'P', '1'),
(395, 395, '2', 'L', '1'),
(396, 396, '2', 'L', '3'),
(397, 397, '2', 'P', '1'),
(398, 398, '2', 'P', '1'),
(399, 399, '2', 'L', '1'),
(400, 400, '2', 'L', '1'),
(401, 401, '2', 'L', '1'),
(402, 402, '2', 'L', '3'),
(403, 403, '2', 'P', '3'),
(404, 404, '2', 'P', '3'),
(405, 405, '2', 'L', '1'),
(406, 406, '2', 'P', '1'),
(407, 407, '2', 'L', '3'),
(408, 408, '2', 'P', '3'),
(409, 409, '2', 'L', '1'),
(410, 410, '2', 'L', '3'),
(411, 411, '2', 'P', '3'),
(412, 412, '2', 'L', '1'),
(413, 413, '2', 'P', '1'),
(414, 414, '2', 'L', '1'),
(415, 415, '2', 'L', '3'),
(416, 416, '2', 'P', '3'),
(417, 417, '2', 'L', '1'),
(418, 418, '2', 'L', '1'),
(419, 419, '2', 'P', '3'),
(420, 420, '2', 'P', '1'),
(421, 421, '2', 'L', '3'),
(422, 422, '2', 'P', '3'),
(423, 423, '2', 'P', '1'),
(424, 424, '2', 'L', '1'),
(425, 425, '2', 'P', '3'),
(426, 426, '2', 'P', '1'),
(427, 427, '2', 'P', '3'),
(428, 428, '2', 'P', '1'),
(429, 429, '2', 'L', '2'),
(430, 430, '2', 'P', '3'),
(431, 431, '2', 'L', '3'),
(432, 432, '2', 'P', '1'),
(433, 433, '2', 'L', '1'),
(434, 434, '2', 'P', '3'),
(435, 435, '2', 'P', '3'),
(436, 436, '2', 'P', '3'),
(437, 437, '2', 'P', '3'),
(438, 438, '2', 'L', '2'),
(439, 439, '2', 'L', '1'),
(440, 440, '2', 'P', '1'),
(441, 441, '2', 'L', '3'),
(442, 442, '2', 'P', '1'),
(443, 443, '2', 'L', '3'),
(444, 444, '2', 'L', '3'),
(445, 445, '2', 'P', '1'),
(446, 446, '2', 'L', '1'),
(447, 447, '2', 'L', '1'),
(448, 448, '2', 'L', '3'),
(449, 449, '2', 'P', '3'),
(450, 450, '2', 'L', '3'),
(451, 451, '2', 'L', '1'),
(452, 452, '2', 'L', '1'),
(453, 453, '2', 'L', '1'),
(454, 454, '2', 'L', '1'),
(455, 455, '2', 'P', '3'),
(456, 456, '2', 'P', '3'),
(457, 457, '2', 'L', '3'),
(458, 458, '2', 'P', '1'),
(459, 459, '2', 'P', '1'),
(460, 460, '2', 'P', '3'),
(461, 461, '2', 'L', '3'),
(462, 462, '2', 'L', '1'),
(463, 463, '2', 'P', '1'),
(464, 464, '2', 'P', '1'),
(465, 465, '2', 'P', '1'),
(466, 466, '2', 'L', '3'),
(467, 467, '2', 'L', '3'),
(468, 468, '2', 'P', '3'),
(469, 469, '2', 'P', '1'),
(470, 470, '2', 'L', '3'),
(471, 471, '2', 'L', '3'),
(472, 472, '2', 'L', '2'),
(473, 473, '2', 'L', '1'),
(474, 474, '2', 'P', '1'),
(475, 475, '2', 'L', '2'),
(476, 476, '2', 'L', '1'),
(477, 477, '2', 'P', '3'),
(478, 478, '2', 'P', '3'),
(479, 479, '2', 'P', '1'),
(480, 480, '2', 'L', '3'),
(481, 481, '2', 'P', '2'),
(482, 482, '2', 'P', '3'),
(483, 483, '2', 'L', '3'),
(484, 484, '2', 'P', '1'),
(485, 485, '2', 'L', '3'),
(486, 486, '2', 'L', '2'),
(487, 487, '2', 'L', '3'),
(488, 488, '2', 'L', '3'),
(489, 489, '2', 'P', '1'),
(490, 490, '2', 'P', '1'),
(491, 491, '2', 'L', '3'),
(492, 492, '2', 'P', '1'),
(493, 493, '2', 'L', '3'),
(494, 494, '2', 'L', '2'),
(495, 495, '2', 'L', '1'),
(496, 496, '2', 'L', '1'),
(497, 497, '2', 'L', '3'),
(498, 498, '2', 'L', '2'),
(499, 499, '2', 'P', '3'),
(500, 500, '2', 'P', '1'),
(501, 501, '2', 'P', '1'),
(502, 502, '2', 'L', '3'),
(503, 503, '2', 'L', '3'),
(504, 504, '2', 'P', '1'),
(505, 505, '2', 'P', '1'),
(506, 506, '2', 'L', '3'),
(507, 507, '2', 'P', '1'),
(508, 508, '2', 'P', '1'),
(509, 509, '2', 'P', '3'),
(510, 510, '2', 'P', '3'),
(511, 511, '2', 'L', '3'),
(512, 512, '2', 'L', '3'),
(513, 513, '2', 'P', '1'),
(514, 514, '2', 'P', '1'),
(515, 515, '2', 'L', '2'),
(516, 516, '2', 'P', '1'),
(517, 517, '2', 'P', '1'),
(518, 518, '2', 'P', '3'),
(519, 519, '2', 'L', '3'),
(520, 520, '2', 'P', '1'),
(521, 521, '2', 'L', '1'),
(522, 522, '2', 'L', '1'),
(523, 523, '2', 'P', '3'),
(524, 524, '2', 'L', '1'),
(525, 525, '2', 'L', '1'),
(526, 526, '2', 'P', '3'),
(527, 527, '2', 'L', '3'),
(528, 528, '2', 'P', '2'),
(529, 529, '2', 'L', '3'),
(530, 530, '2', 'P', '3'),
(531, 531, '2', 'P', '1'),
(532, 532, '2', 'L', '1'),
(533, 533, '2', 'P', '1'),
(534, 534, '2', 'P', '2'),
(535, 535, '2', 'L', '3'),
(536, 536, '2', 'L', '3'),
(537, 537, '2', 'L', '3'),
(538, 538, '2', 'P', '1'),
(539, 539, '2', 'L', '1'),
(540, 540, '2', 'P', '3'),
(541, 541, '2', 'L', '1'),
(542, 542, '2', 'L', '3'),
(543, 543, '2', 'L', '3'),
(544, 544, '2', 'P', '1'),
(545, 545, '2', 'P', '1'),
(546, 546, '2', 'P', '3'),
(547, 547, '2', 'P', '3'),
(548, 548, '2', 'L', '1'),
(549, 549, '2', 'L', '1'),
(550, 550, '2', 'P', '3'),
(551, 551, '2', 'L', '3'),
(552, 552, '2', 'L', '3'),
(553, 553, '2', 'P', '3'),
(554, 554, '2', 'P', '1'),
(555, 555, '2', 'L', '1'),
(556, 556, '2', 'L', '2'),
(557, 557, '2', 'P', '3'),
(558, 558, '2', 'P', '3'),
(559, 559, '2', 'L', '3'),
(560, 560, '2', 'L', '1'),
(561, 561, '2', 'L', '1'),
(562, 562, '2', 'P', '1'),
(563, 563, '2', 'P', '3'),
(564, 564, '2', 'P', '2'),
(565, 565, '2', 'L', '3'),
(566, 566, '2', 'L', '3'),
(567, 567, '2', 'P', '1'),
(568, 568, '2', 'L', '3'),
(569, 569, '2', 'P', '3'),
(570, 570, '2', 'P', '1'),
(571, 571, '2', 'P', '1'),
(572, 572, '2', 'L', '1'),
(573, 573, '2', 'P', '1'),
(574, 574, '2', 'P', '1'),
(575, 575, '2', 'L', '3'),
(576, 576, '2', 'P', '3'),
(577, 577, '2', 'P', '3'),
(578, 578, '2', 'L', '3'),
(579, 579, '2', 'L', '3'),
(580, 580, '2', 'L', '2'),
(581, 581, '2', 'P', '1'),
(582, 582, '2', 'P', '1'),
(583, 583, '2', 'P', '1'),
(584, 584, '2', 'P', '3'),
(585, 585, '2', 'L', '1'),
(586, 586, '2', 'P', '1'),
(587, 587, '2', 'L', '3'),
(588, 588, '2', 'P', '3'),
(589, 589, '2', 'P', '3'),
(590, 590, '2', 'P', '1'),
(591, 591, '2', 'P', '3'),
(592, 592, '2', 'L', '3'),
(593, 593, '2', 'P', '1'),
(594, 594, '2', 'L', '1'),
(595, 595, '2', 'L', '1'),
(596, 596, '2', 'L', '2'),
(597, 597, '2', 'P', '3'),
(598, 598, '2', 'L', '1'),
(599, 599, '2', 'P', '3'),
(600, 600, '2', 'L', '3'),
(601, 601, '2', 'L', '1'),
(602, 602, '2', 'L', '1'),
(603, 603, '2', 'P', '3'),
(604, 604, '2', 'P', '3'),
(605, 605, '2', 'L', '1'),
(606, 606, '2', 'P', '1'),
(607, 607, '2', 'L', '1'),
(608, 608, '2', 'P', '1'),
(609, 609, '2', 'P', '2'),
(610, 610, '2', 'L', '3'),
(611, 611, '2', 'L', '1'),
(612, 612, '2', 'L', '2'),
(613, 613, '2', 'L', '2'),
(614, 614, '2', 'P', '2'),
(615, 615, '2', 'L', '2'),
(616, 616, '2', 'P', '3'),
(617, 617, '2', 'L', '3'),
(618, 618, '2', 'L', '2'),
(619, 619, '2', 'P', '1'),
(620, 620, '2', 'L', '2'),
(621, 621, '2', 'P', '2'),
(622, 622, '2', 'P', '1'),
(623, 623, '2', 'P', '2'),
(624, 624, '2', 'L', '2'),
(625, 625, '2', 'P', '3'),
(626, 626, '2', 'L', '1'),
(627, 627, '2', 'L', '3'),
(628, 628, '2', 'P', '2'),
(629, 629, '2', 'P', '2'),
(630, 630, '2', 'L', '2'),
(631, 631, '2', 'L', '2'),
(632, 632, '3', 'P', '1'),
(633, 633, '3', 'L', '3'),
(634, 634, '3', 'L', '2'),
(635, 635, '3', 'L', '3'),
(636, 636, '3', 'P', '1'),
(637, 637, '3', 'L', '3'),
(638, 638, '3', 'L', '3'),
(639, 639, '3', 'P', '1'),
(640, 640, '3', 'P', '3'),
(641, 641, '3', 'L', '3'),
(642, 642, '3', 'L', '3'),
(643, 643, '3', 'P', '3'),
(644, 644, '3', 'P', '1'),
(645, 645, '3', 'P', '1'),
(646, 646, '3', 'L', '2'),
(647, 647, '3', 'L', '3'),
(648, 648, '3', 'L', '3'),
(649, 649, '3', 'P', '3'),
(650, 650, '3', 'L', '1'),
(651, 651, '3', 'L', '3'),
(652, 652, '3', 'L', '3'),
(653, 653, '3', 'L', '2'),
(654, 654, '3', 'L', '2'),
(655, 655, '3', 'P', '3'),
(656, 656, '3', 'L', '1'),
(657, 657, '3', 'L', '1'),
(658, 658, '3', 'L', '1'),
(659, 659, '3', 'L', '1'),
(660, 660, '3', 'P', '3'),
(661, 661, '3', 'P', '2'),
(662, 662, '3', 'L', '3'),
(663, 663, '3', 'L', '2'),
(664, 664, '3', 'L', '3'),
(665, 665, '3', 'L', '1'),
(666, 666, '3', 'L', '1'),
(667, 667, '3', 'P', '3'),
(668, 668, '3', 'P', '1'),
(669, 669, '3', 'P', '1'),
(670, 670, '3', 'L', '1'),
(671, 671, '3', 'P', '3'),
(672, 672, '3', 'P', '1'),
(673, 673, '3', 'P', '1'),
(674, 674, '3', 'P', '3'),
(675, 675, '3', 'P', '1'),
(676, 676, '3', 'L', '1'),
(677, 677, '3', 'L', '3'),
(678, 678, '3', 'L', '2'),
(679, 679, '3', 'P', '3'),
(680, 680, '3', 'P', '3'),
(681, 681, '3', 'L', '3'),
(682, 682, '3', 'P', '1'),
(683, 683, '3', ' P', '1'),
(684, 684, '3', 'P', '3'),
(685, 685, '3', 'P', '3'),
(686, 686, '3', 'P', '1'),
(687, 687, '3', 'P', '1'),
(688, 688, '3', 'L', '3'),
(689, 689, '3', 'P', '2'),
(690, 690, '3', 'L', '3'),
(691, 691, '3', 'L', '3'),
(692, 692, '3', 'P', '3'),
(693, 693, '3', 'L', '3'),
(694, 694, '3', 'P', '3'),
(695, 695, '3', 'P', '3'),
(696, 696, '3', 'P', '1'),
(697, 697, '3', 'P', '1'),
(698, 698, '3', 'L', '1'),
(699, 699, '3', 'L', '1'),
(700, 700, '3', 'L', '3'),
(701, 701, '3', 'L', '3'),
(702, 702, '3', 'L', '3'),
(703, 703, '3', 'P', '1'),
(704, 704, '3', 'P', '1'),
(705, 705, '3', 'L', '1'),
(706, 706, '3', 'P', '3'),
(707, 707, '3', 'L', '1'),
(708, 708, '3', 'L', '1'),
(709, 709, '3', 'P', '3'),
(710, 710, '3', 'P', '3'),
(711, 711, '3', 'P', '2'),
(712, 712, '3', 'L', '2'),
(713, 713, '3', 'P', '1'),
(714, 714, '3', 'P', '1'),
(715, 715, '3', 'L', '3'),
(716, 716, '3', 'L', '3'),
(717, 717, '3', 'P', '3'),
(718, 718, '3', 'P', '3'),
(719, 719, '3', 'L', '1'),
(720, 720, '3', 'L', '1'),
(721, 721, '3', 'P', '3'),
(722, 722, '3', 'L', '3'),
(723, 723, '3', 'P', '1'),
(724, 724, '3', 'L', '2'),
(725, 725, '3', 'L', '3'),
(726, 726, '3', 'P', '1'),
(727, 727, '3', 'P', '1'),
(728, 728, '3', 'L', '3'),
(729, 729, '3', 'P', '3'),
(730, 730, '3', 'L', '1'),
(731, 731, '3', 'P', '1'),
(732, 732, '3', 'L', '1'),
(733, 733, '3', 'L', '3'),
(734, 734, '3', 'P', '3'),
(735, 735, '3', 'L', '1'),
(736, 736, '3', 'L', '1'),
(737, 737, '3', 'P', '3'),
(738, 738, '3', 'P', '1'),
(739, 739, '3', 'P', '3'),
(740, 740, '3', 'P', '1'),
(741, 741, '3', 'L', '1'),
(742, 742, '3', 'P', '3'),
(743, 743, '3', 'L', '3'),
(744, 744, '3', 'P', '1'),
(745, 745, '3', 'L', '1'),
(746, 746, '3', 'P', '1'),
(747, 747, '3', 'L', '1'),
(748, 748, '3', 'L', '1'),
(749, 749, '3', 'L', '1'),
(750, 750, '3', 'L', '1'),
(751, 751, '3', 'L', '1'),
(752, 752, '3', 'P', '3'),
(753, 753, '3', 'P', '3'),
(754, 754, '3', 'L', '3'),
(755, 755, '3', 'P', '1'),
(756, 756, '3', 'P', '1'),
(757, 757, '3', 'P', '3'),
(758, 758, '3', 'L', '3'),
(759, 759, '3', 'L', '2'),
(760, 760, '3', 'P', '1'),
(761, 761, '3', 'P', '1'),
(762, 762, '3', 'L', '3'),
(763, 763, '3', 'L', '3'),
(764, 764, '3', 'L', '2'),
(765, 765, '3', 'L', '1'),
(766, 766, '3', 'P', '1'),
(767, 767, '3', 'L', '2'),
(768, 768, '3', 'L', '1'),
(769, 769, '3', 'P', '3'),
(770, 770, '3', 'P', '2'),
(771, 771, '3', 'P', '3'),
(772, 772, '3', 'L', '3'),
(773, 773, '3', 'L', '3'),
(774, 774, '3', 'L', '3'),
(775, 775, '3', 'P', '1'),
(776, 776, '3', 'P', '1'),
(777, 777, '3', 'L', '2'),
(778, 778, '3', 'P', '1'),
(779, 779, '3', 'P', '1'),
(780, 780, '3', 'P', '3'),
(781, 781, '3', 'L', '3'),
(782, 782, '3', 'P', '1'),
(783, 783, '3', 'L', '1'),
(784, 784, '3', 'L', '1'),
(785, 785, '3', 'P', '3'),
(786, 786, '3', 'L', '1'),
(787, 787, '3', 'L', '1'),
(788, 788, '3', 'P', '3'),
(789, 789, '3', 'L', '3'),
(790, 790, '3', 'P', '2'),
(791, 791, '3', 'L', '3'),
(792, 792, '3', 'P', '3'),
(793, 793, '3', 'P', '1'),
(794, 794, '3', 'L', '1'),
(795, 795, '3', 'P', '1'),
(796, 796, '3', 'P', '3'),
(797, 797, '3', 'L', '3'),
(798, 798, '3', 'L', '3'),
(799, 799, '3', 'L', '2'),
(800, 800, '3', 'L', '3'),
(801, 801, '3', 'P', '1'),
(802, 802, '3', 'P', '1'),
(803, 803, '3', 'P', '3'),
(804, 804, '3', 'P', '3'),
(805, 805, '3', 'L', '1'),
(806, 806, '3', 'L', '1'),
(807, 807, '3', 'P', '3'),
(808, 808, '3', 'P', '3'),
(809, 809, '3', 'P', '3'),
(810, 810, '3', 'L', '3'),
(811, 811, '3', 'L', '3'),
(812, 812, '3', 'P', '1'),
(813, 813, '3', 'P', '1'),
(814, 814, '3', 'L', '3'),
(815, 815, '3', 'L', '3'),
(816, 816, '3', 'L', '2'),
(817, 817, '3', 'P', '1'),
(818, 818, '3', 'P', '1'),
(819, 819, '3', 'P', '1'),
(820, 820, '3', 'P', '3'),
(821, 821, '3', 'L', '2'),
(822, 822, '3', 'P', '1'),
(823, 823, '3', 'P', '3'),
(824, 824, '3', 'L', '3'),
(825, 825, '3', 'L', '1'),
(826, 826, '3', 'L', '2'),
(827, 827, '3', 'P', '1'),
(828, 828, '3', 'P', '2'),
(829, 829, '3', 'L', '3'),
(830, 830, '3', 'L', '2'),
(831, 831, '3', 'L', '1'),
(832, 832, '3', 'L', '2'),
(833, 833, '3', 'P', '2'),
(834, 834, '3', 'L', '1'),
(835, 835, '3', 'P', '3'),
(836, 836, '3', 'L', '3'),
(837, 837, '3', 'L', '2'),
(838, 838, '3', 'P', '1'),
(839, 839, '3', 'L', '2'),
(840, 840, '3', 'P', '2'),
(841, 841, '3', 'P', '2'),
(842, 842, '3', 'L', '2'),
(843, 843, '3', 'P', '3'),
(844, 844, '3', 'P', '2'),
(845, 845, '3', 'L', '1'),
(846, 846, '3', 'L', '2');

-- --------------------------------------------------------

--
-- Table structure for table `fact_guru_ajar`
--

CREATE TABLE `fact_guru_ajar` (
  `id_guru_aja` int(11) NOT NULL,
  `id_guru` int(11) NOT NULL,
  `id_tingkatan` int(11) NOT NULL
) ENGINE=InnoDB DEFAULT CHARSET=utf8;

--
-- Dumping data for table `fact_guru_ajar`
--

INSERT INTO `fact_guru_ajar` (`id_guru_aja`, `id_guru`, `id_tingkatan`) VALUES
(1, 1, 3),
(2, 2, 2),
(3, 5, 3),
(4, 8, 3),
(5, 9, 2),
(6, 10, 3),
(7, 11, 2),
(8, 14, 2),
(9, 17, 2),
(10, 18, 2),
(11, 21, 2),
(12, 24, 2),
(13, 27, 2),
(14, 30, 2),
(15, 33, 2),
(16, 36, 3),
(17, 39, 3),
(18, 42, 3),
(19, 45, 3),
(20, 48, 3),
(21, 51, 3),
(22, 54, 3),
(23, 57, 1),
(24, 60, 1),
(25, 63, 1),
(26, 66, 1),
(27, 69, 1),
(28, 72, 1);

-- --------------------------------------------------------

--
-- Table structure for table `fact_karakter_siswa`
--

CREATE TABLE `fact_karakter_siswa` (
  `id_karakter_siswa` int(11) NOT NULL,
  `id_tingkatan` int(11) NOT NULL,
  `id_siswa` int(11) NOT NULL,
  `tanggungjawab` int(11) NOT NULL,
  `disiplin` int(11) NOT NULL,
  `kepemimpinan` int(11) NOT NULL,
  `sopansantun` int(11) NOT NULL,
  `kejujuran` int(11) NOT NULL
) ENGINE=InnoDB DEFAULT CHARSET=utf8mb4;

--
-- Dumping data for table `fact_karakter_siswa`
--

INSERT INTO `fact_karakter_siswa` (`id_karakter_siswa`, `id_tingkatan`, `id_siswa`, `tanggungjawab`, `disiplin`, `kepemimpinan`, `sopansantun`, `kejujuran`) VALUES
(1, 1, 1, 4, 4, 4, 3, 3),
(2, 1, 2, 3, 3, 4, 4, 4),
(3, 1, 3, 3, 4, 4, 3, 3),
(4, 1, 4, 4, 4, 4, 3, 3),
(5, 1, 5, 3, 3, 4, 4, 4),
(6, 1, 6, 3, 4, 3, 4, 4),
(7, 1, 7, 4, 4, 4, 4, 4),
(8, 1, 8, 3, 3, 3, 3, 4),
(9, 1, 9, 4, 3, 3, 3, 4),
(10, 1, 10, 3, 4, 3, 3, 4),
(11, 1, 11, 3, 4, 3, 3, 4),
(12, 1, 12, 4, 3, 4, 4, 4),
(13, 1, 13, 4, 4, 3, 4, 4),
(14, 1, 14, 3, 4, 4, 4, 3),
(15, 1, 15, 3, 4, 4, 4, 4),
(16, 1, 16, 3, 3, 3, 3, 3),
(17, 1, 17, 4, 3, 3, 3, 4),
(18, 1, 18, 3, 4, 3, 3, 3),
(19, 1, 19, 3, 4, 3, 3, 4),
(20, 1, 20, 4, 3, 4, 4, 4),
(21, 1, 21, 4, 4, 3, 4, 4),
(22, 1, 22, 3, 4, 4, 4, 3),
(23, 2, 23, 3, 4, 4, 4, 4),
(24, 2, 24, 4, 4, 4, 3, 3),
(25, 2, 25, 3, 3, 4, 4, 4),
(26, 2, 26, 3, 4, 4, 3, 3),
(27, 2, 27, 4, 4, 4, 3, 3),
(28, 2, 28, 3, 3, 4, 4, 4),
(29, 2, 29, 3, 4, 3, 3, 4),
(30, 2, 30, 4, 3, 3, 3, 4),
(31, 2, 31, 3, 3, 3, 3, 4),
(32, 2, 32, 4, 4, 3, 3, 4),
(33, 2, 33, 3, 4, 3, 3, 4),
(34, 2, 34, 3, 4, 3, 3, 4),
(35, 2, 35, 4, 4, 4, 4, 4),
(36, 2, 36, 4, 4, 3, 4, 4),
(37, 2, 37, 3, 4, 4, 4, 3),
(38, 2, 38, 3, 4, 4, 4, 4),
(39, 2, 39, 3, 3, 3, 3, 3),
(40, 2, 40, 4, 3, 3, 3, 4),
(41, 2, 41, 3, 4, 3, 3, 3),
(42, 2, 42, 3, 4, 3, 3, 4),
(43, 2, 43, 4, 3, 4, 4, 4),
(44, 2, 44, 4, 4, 3, 4, 4),
(45, 2, 45, 3, 4, 4, 4, 4),
(46, 2, 46, 3, 4, 4, 4, 4),
(47, 2, 47, 4, 4, 3, 4, 3),
(48, 2, 48, 3, 3, 3, 4, 4),
(49, 2, 49, 3, 4, 3, 4, 3),
(50, 2, 50, 4, 4, 3, 3, 3),
(51, 2, 51, 3, 3, 3, 4, 4),
(52, 2, 52, 3, 4, 3, 3, 3),
(53, 2, 53, 4, 3, 3, 3, 4),
(54, 2, 54, 3, 3, 3, 3, 3),
(55, 2, 55, 4, 3, 3, 3, 4),
(56, 2, 56, 4, 4, 3, 3, 4),
(57, 2, 57, 3, 3, 3, 4, 4),
(58, 2, 58, 3, 4, 3, 3, 4),
(59, 2, 59, 4, 4, 4, 3, 4),
(60, 2, 60, 3, 3, 4, 4, 4),
(61, 2, 61, 3, 4, 4, 3, 3),
(62, 2, 62, 4, 3, 4, 3, 4),
(63, 2, 63, 3, 3, 4, 3, 3),
(64, 2, 64, 4, 3, 4, 3, 4),
(65, 2, 65, 3, 4, 3, 3, 3),
(66, 2, 66, 3, 4, 3, 3, 4),
(67, 2, 67, 4, 3, 4, 4, 4),
(68, 2, 68, 4, 4, 3, 4, 4),
(69, 2, 69, 3, 4, 4, 4, 3),
(70, 2, 70, 3, 4, 4, 4, 4),
(71, 2, 71, 3, 3, 3, 4, 3),
(72, 2, 72, 4, 3, 3, 4, 4),
(73, 2, 73, 3, 4, 3, 3, 3),
(74, 2, 74, 3, 4, 3, 3, 4),
(75, 2, 75, 4, 3, 4, 4, 4),
(76, 2, 76, 4, 4, 3, 4, 4),
(77, 2, 77, 3, 4, 4, 4, 4),
(78, 2, 78, 3, 4, 4, 4, 4),
(79, 2, 79, 4, 4, 3, 3, 4),
(80, 2, 80, 3, 3, 3, 4, 4),
(81, 2, 81, 3, 4, 3, 3, 4),
(82, 2, 82, 4, 4, 3, 3, 4),
(83, 2, 83, 3, 3, 4, 4, 4),
(84, 2, 84, 4, 4, 4, 4, 4),
(85, 2, 85, 4, 4, 4, 4, 4),
(86, 2, 86, 3, 4, 4, 4, 4),
(87, 2, 87, 4, 4, 3, 4, 4),
(88, 2, 88, 3, 4, 3, 4, 3),
(89, 2, 89, 3, 4, 4, 3, 4),
(90, 2, 90, 4, 4, 4, 4, 4),
(91, 2, 91, 4, 4, 4, 4, 4),
(92, 2, 92, 3, 4, 4, 4, 3),
(93, 2, 93, 3, 4, 4, 4, 4),
(94, 2, 94, 3, 3, 4, 3, 3),
(95, 2, 95, 4, 4, 4, 4, 4),
(96, 2, 96, 4, 4, 4, 4, 3),
(97, 2, 97, 4, 4, 4, 4, 4),
(98, 2, 98, 4, 3, 4, 4, 4),
(99, 2, 99, 4, 4, 3, 4, 4),
(100, 2, 100, 3, 4, 4, 4, 3),
(101, 2, 101, 3, 4, 4, 4, 4),
(102, 2, 102, 4, 4, 3, 3, 3),
(103, 2, 103, 3, 3, 3, 4, 4),
(104, 2, 104, 3, 4, 3, 3, 3),
(105, 2, 105, 4, 4, 3, 3, 3),
(106, 2, 106, 3, 4, 3, 4, 4),
(107, 2, 107, 4, 4, 4, 4, 4),
(108, 2, 108, 4, 4, 4, 4, 4),
(109, 2, 109, 3, 4, 4, 4, 4),
(110, 2, 110, 4, 3, 3, 4, 4),
(111, 2, 111, 3, 4, 3, 3, 3),
(112, 2, 112, 3, 4, 3, 3, 4),
(113, 2, 113, 4, 3, 4, 4, 4),
(114, 2, 114, 4, 4, 3, 4, 4),
(115, 2, 115, 3, 4, 4, 4, 3),
(116, 2, 116, 3, 4, 4, 4, 4),
(117, 2, 117, 3, 4, 4, 4, 3),
(118, 2, 118, 4, 4, 4, 4, 4),
(119, 2, 119, 3, 4, 3, 3, 3),
(120, 2, 120, 3, 4, 3, 3, 4),
(121, 2, 121, 4, 3, 4, 4, 4),
(122, 2, 122, 4, 4, 3, 4, 4),
(123, 2, 123, 3, 4, 4, 4, 3),
(124, 2, 124, 3, 4, 4, 4, 4),
(125, 2, 125, 3, 4, 3, 4, 3),
(126, 2, 126, 4, 3, 3, 4, 4),
(127, 2, 127, 3, 3, 4, 4, 3),
(128, 2, 128, 4, 3, 4, 3, 4),
(129, 2, 129, 3, 4, 4, 3, 3),
(130, 2, 130, 3, 4, 4, 3, 4),
(131, 2, 131, 4, 3, 4, 4, 4),
(132, 2, 132, 4, 4, 3, 4, 4),
(133, 2, 133, 3, 4, 4, 4, 3),
(134, 2, 134, 3, 4, 4, 4, 4),
(135, 2, 135, 3, 3, 3, 3, 3),
(136, 2, 136, 4, 3, 3, 3, 4),
(137, 2, 137, 3, 4, 3, 3, 3),
(138, 2, 138, 3, 4, 3, 3, 4),
(139, 2, 139, 4, 3, 4, 4, 4),
(140, 2, 140, 4, 4, 3, 4, 4),
(141, 2, 141, 3, 4, 4, 4, 3),
(142, 2, 142, 3, 4, 4, 4, 4),
(143, 2, 143, 4, 4, 3, 3, 3),
(144, 2, 144, 3, 3, 3, 4, 4),
(145, 2, 145, 3, 4, 3, 3, 3),
(146, 2, 146, 4, 4, 3, 3, 3),
(147, 2, 147, 3, 3, 3, 4, 4),
(148, 2, 148, 3, 4, 3, 3, 3),
(149, 2, 149, 4, 4, 3, 3, 4),
(150, 2, 150, 3, 3, 3, 3, 3),
(151, 2, 151, 4, 3, 3, 3, 4),
(152, 2, 152, 3, 4, 3, 3, 3),
(153, 2, 153, 3, 4, 3, 3, 4),
(154, 2, 154, 4, 3, 4, 4, 4),
(155, 2, 155, 4, 4, 3, 4, 4),
(156, 2, 156, 3, 4, 4, 4, 3),
(157, 2, 157, 3, 4, 4, 4, 4),
(158, 2, 158, 3, 3, 3, 3, 3),
(159, 2, 159, 4, 3, 3, 3, 4),
(160, 2, 160, 3, 4, 3, 3, 3),
(161, 2, 161, 4, 3, 3, 3, 4),
(162, 2, 162, 3, 4, 3, 3, 3),
(163, 2, 163, 3, 4, 3, 3, 4),
(164, 2, 164, 4, 3, 4, 4, 4),
(165, 2, 165, 4, 4, 4, 4, 4),
(166, 2, 166, 3, 4, 4, 4, 3),
(167, 2, 167, 3, 4, 4, 4, 4),
(168, 2, 168, 3, 3, 4, 4, 4),
(169, 2, 169, 4, 3, 4, 4, 4),
(170, 2, 170, 3, 4, 4, 4, 3),
(171, 2, 171, 3, 4, 4, 4, 4),
(172, 2, 172, 4, 4, 4, 4, 4),
(173, 2, 173, 4, 4, 4, 4, 4),
(174, 2, 174, 3, 4, 4, 4, 3),
(175, 2, 175, 3, 4, 4, 4, 4),
(176, 2, 176, 3, 4, 4, 3, 3),
(177, 2, 177, 4, 3, 4, 3, 4),
(178, 2, 178, 3, 3, 4, 3, 3),
(179, 2, 179, 4, 3, 3, 3, 4),
(180, 2, 180, 3, 4, 3, 3, 3),
(181, 2, 181, 3, 4, 3, 3, 4),
(182, 2, 182, 4, 3, 4, 4, 4),
(183, 2, 183, 4, 4, 3, 4, 4),
(184, 2, 184, 3, 4, 4, 4, 3),
(185, 2, 185, 3, 4, 4, 4, 4),
(186, 2, 186, 3, 3, 3, 3, 3),
(187, 2, 187, 4, 3, 3, 3, 4),
(188, 2, 188, 3, 4, 3, 3, 3),
(189, 2, 189, 3, 4, 3, 3, 4),
(190, 2, 190, 4, 3, 4, 4, 4),
(191, 2, 191, 4, 4, 3, 4, 4),
(192, 2, 192, 3, 4, 4, 4, 3),
(193, 2, 193, 3, 4, 4, 4, 4),
(194, 2, 194, 4, 4, 3, 3, 3),
(195, 2, 195, 3, 3, 3, 4, 4),
(196, 2, 196, 3, 4, 3, 3, 3),
(197, 2, 197, 4, 4, 3, 3, 3),
(198, 2, 198, 3, 4, 3, 4, 4),
(199, 2, 199, 3, 4, 3, 3, 3),
(200, 2, 200, 4, 4, 3, 3, 4),
(201, 2, 201, 3, 4, 3, 3, 3),
(202, 2, 202, 4, 3, 3, 3, 4),
(203, 2, 203, 4, 4, 3, 3, 3),
(204, 2, 204, 3, 3, 3, 4, 4),
(205, 2, 205, 3, 4, 3, 3, 3),
(206, 2, 206, 4, 4, 3, 3, 3),
(207, 2, 207, 3, 3, 3, 4, 4),
(208, 2, 208, 3, 4, 3, 3, 3),
(209, 2, 209, 4, 3, 3, 3, 4),
(210, 2, 210, 3, 3, 3, 3, 3),
(211, 2, 211, 4, 3, 3, 3, 4),
(212, 2, 212, 3, 4, 3, 3, 3),
(213, 2, 213, 3, 4, 3, 3, 4),
(214, 2, 214, 4, 3, 4, 4, 4),
(215, 2, 215, 4, 4, 3, 4, 4),
(216, 2, 216, 3, 4, 4, 4, 3),
(217, 2, 217, 3, 4, 4, 4, 4),
(218, 2, 218, 3, 3, 3, 4, 3),
(219, 2, 219, 4, 3, 3, 4, 4),
(220, 2, 220, 3, 4, 3, 4, 3),
(221, 2, 221, 3, 4, 4, 3, 4),
(222, 2, 222, 4, 4, 4, 4, 4),
(223, 2, 223, 4, 4, 4, 4, 4),
(224, 2, 224, 3, 4, 4, 4, 4),
(225, 2, 225, 3, 4, 4, 4, 4),
(226, 2, 226, 4, 4, 3, 3, 4),
(227, 2, 227, 3, 3, 3, 4, 4),
(228, 2, 228, 3, 4, 3, 3, 4),
(229, 3, 229, 4, 4, 4, 3, 4),
(230, 3, 230, 3, 3, 4, 4, 4),
(231, 3, 231, 3, 4, 4, 4, 4),
(232, 3, 232, 4, 3, 4, 4, 4),
(233, 3, 233, 3, 3, 4, 4, 3),
(234, 3, 234, 4, 3, 3, 4, 4),
(235, 3, 235, 4, 4, 3, 4, 3),
(236, 3, 236, 4, 4, 3, 4, 4),
(237, 3, 237, 4, 3, 4, 4, 4),
(238, 3, 238, 4, 4, 4, 4, 4),
(239, 3, 239, 4, 4, 4, 4, 3),
(240, 3, 240, 4, 4, 4, 4, 4),
(241, 3, 241, 4, 4, 3, 3, 3),
(242, 3, 242, 4, 3, 3, 3, 4),
(243, 3, 243, 3, 4, 3, 3, 3),
(244, 3, 244, 3, 4, 4, 3, 4),
(245, 3, 245, 4, 3, 4, 4, 4),
(246, 3, 246, 4, 4, 4, 4, 4),
(247, 3, 247, 3, 4, 4, 4, 3),
(248, 3, 248, 3, 4, 4, 4, 4),
(249, 3, 249, 4, 4, 3, 3, 3),
(250, 3, 250, 3, 3, 3, 4, 4),
(251, 3, 251, 3, 4, 3, 4, 3),
(252, 3, 252, 4, 4, 3, 4, 3),
(253, 3, 253, 3, 3, 3, 4, 4),
(254, 3, 254, 3, 4, 3, 4, 4),
(255, 3, 255, 4, 3, 3, 4, 4),
(256, 3, 256, 3, 3, 3, 4, 4),
(257, 3, 257, 4, 3, 3, 4, 4),
(258, 3, 258, 4, 4, 3, 3, 4),
(259, 3, 259, 3, 3, 3, 4, 4),
(260, 3, 260, 3, 4, 3, 3, 4),
(261, 3, 261, 4, 4, 3, 3, 4),
(262, 3, 262, 3, 3, 3, 4, 4),
(263, 3, 263, 3, 4, 3, 3, 4),
(264, 3, 264, 4, 4, 3, 3, 4),
(265, 3, 265, 4, 4, 3, 3, 4),
(266, 3, 266, 4, 4, 3, 3, 4),
(267, 3, 267, 4, 4, 3, 3, 4),
(268, 3, 268, 4, 4, 3, 3, 4),
(269, 3, 269, 4, 3, 4, 4, 4),
(270, 3, 270, 4, 4, 3, 4, 4),
(271, 3, 271, 4, 4, 4, 4, 3),
(272, 3, 272, 3, 4, 4, 4, 4),
(273, 3, 273, 3, 3, 3, 3, 3),
(274, 3, 274, 4, 3, 3, 3, 4),
(275, 3, 275, 3, 4, 3, 3, 3),
(276, 3, 276, 3, 4, 3, 3, 4),
(277, 3, 277, 4, 3, 4, 4, 4),
(278, 3, 278, 4, 4, 3, 4, 4),
(279, 3, 279, 3, 4, 4, 4, 3),
(280, 3, 280, 3, 4, 4, 4, 4),
(281, 3, 281, 4, 4, 3, 3, 3),
(282, 3, 282, 3, 4, 3, 4, 4),
(283, 3, 283, 3, 4, 3, 3, 4),
(284, 3, 284, 4, 4, 3, 4, 4),
(285, 3, 285, 3, 3, 3, 4, 4),
(286, 3, 286, 3, 4, 3, 4, 4),
(287, 3, 287, 4, 3, 3, 4, 4),
(288, 3, 288, 3, 3, 3, 4, 3),
(289, 3, 289, 4, 3, 3, 3, 4),
(290, 3, 290, 3, 4, 3, 3, 3),
(291, 3, 291, 3, 4, 4, 3, 4),
(292, 3, 292, 4, 3, 4, 4, 4),
(293, 3, 293, 4, 4, 4, 4, 4),
(294, 3, 294, 3, 4, 4, 4, 3),
(295, 3, 295, 3, 4, 4, 4, 4),
(296, 3, 296, 3, 3, 4, 3, 3),
(297, 3, 297, 4, 3, 4, 3, 4),
(298, 3, 298, 3, 4, 4, 3, 3),
(299, 3, 299, 3, 4, 4, 3, 4),
(300, 3, 300, 4, 4, 4, 4, 4),
(301, 3, 301, 4, 4, 3, 4, 4),
(302, 3, 302, 3, 4, 4, 4, 4),
(303, 3, 303, 3, 4, 4, 4, 4),
(304, 3, 304, 4, 4, 4, 4, 4);

-- --------------------------------------------------------

--
-- Table structure for table `fact_prestasi`
--

CREATE TABLE `fact_prestasi` (
  `id_fact_prestasi` int(11) NOT NULL,
  `id_prestasi` int(11) NOT NULL,
  `id_tingkatan` int(11) NOT NULL,
  `id_waktu` int(11) NOT NULL
) ENGINE=InnoDB DEFAULT CHARSET=utf8mb4;

--
-- Dumping data for table `fact_prestasi`
--

INSERT INTO `fact_prestasi` (`id_fact_prestasi`, `id_prestasi`, `id_tingkatan`, `id_waktu`) VALUES
(1, 1, 1, 847),
(2, 1, 1, 848),
(3, 2, 1, 849),
(4, 3, 1, 850),
(5, 1, 1, 851),
(6, 3, 1, 852),
(7, 3, 1, 853),
(8, 4, 1, 854),
(9, 4, 1, 855),
(10, 4, 1, 856),
(11, 2, 2, 857),
(12, 1, 2, 858),
(13, 3, 2, 859),
(14, 5, 2, 860),
(15, 6, 2, 861),
(16, 7, 2, 862),
(17, 7, 2, 863),
(18, 8, 2, 864),
(19, 9, 2, 865),
(20, 9, 2, 866),
(21, 10, 3, 867),
(22, 11, 3, 868),
(23, 11, 3, 869),
(24, 2, 3, 870),
(25, 12, 3, 871),
(26, 12, 3, 872),
(27, 7, 3, 873),
(28, 1, 1, 874),
(29, 1, 1, 875),
(30, 13, 1, 876),
(31, 13, 1, 877),
(32, 1, 1, 878),
(33, 4, 1, 879),
(34, 4, 1, 880),
(35, 2, 2, 881),
(36, 10, 2, 882),
(37, 6, 2, 883),
(38, 2, 2, 884),
(39, 11, 2, 885),
(40, 9, 2, 886),
(41, 14, 2, 887),
(42, 7, 2, 888),
(43, 7, 2, 889),
(44, 6, 3, 890),
(45, 11, 3, 891),
(46, 5, 3, 892),
(47, 12, 3, 893),
(48, 8, 3, 894),
(49, 13, 1, 895),
(50, 3, 1, 896),
(51, 13, 1, 897),
(52, 1, 1, 898),
(53, 1, 1, 899),
(54, 4, 1, 900),
(55, 4, 1, 901),
(56, 15, 2, 902),
(57, 5, 2, 903),
(58, 2, 2, 904),
(59, 11, 2, 905),
(60, 11, 2, 906),
(61, 14, 2, 907),
(62, 7, 2, 908),
(63, 10, 3, 909),
(64, 2, 3, 910),
(65, 2, 3, 911),
(66, 8, 3, 912),
(67, 1, 1, 913),
(68, 10, 2, 914),
(69, 15, 2, 915),
(70, 2, 3, 916),
(71, 14, 2, 917);

-- --------------------------------------------------------

--
-- Table structure for table `kpi_absensi`
--

CREATE TABLE `kpi_absensi` (
  `kpi_absensi_id` int(11) NOT NULL,
  `nilai_target` int(11) NOT NULL,
  `tahun` int(11) NOT NULL
) ENGINE=InnoDB DEFAULT CHARSET=latin1;

--
-- Dumping data for table `kpi_absensi`
--

INSERT INTO `kpi_absensi` (`kpi_absensi_id`, `nilai_target`, `tahun`) VALUES
(1, 23, 2018),
(2, 21, 2019),
(4, 22, 2017),
(6, 10, 2020);

-- --------------------------------------------------------

--
-- Table structure for table `kpi_karakter_disiplin`
--

CREATE TABLE `kpi_karakter_disiplin` (
  `id` int(11) NOT NULL,
  `nilai_target` int(11) NOT NULL,
  `tahun` int(11) NOT NULL
) ENGINE=InnoDB DEFAULT CHARSET=latin1;

-- --------------------------------------------------------

--
-- Table structure for table `kpi_karakter_kejujuran`
--

CREATE TABLE `kpi_karakter_kejujuran` (
  `id` int(11) NOT NULL,
  `nilai_target` int(11) NOT NULL,
  `tahun` int(11) NOT NULL
) ENGINE=InnoDB DEFAULT CHARSET=latin1;

-- --------------------------------------------------------

--
-- Table structure for table `kpi_karakter_kepemimpinan`
--

CREATE TABLE `kpi_karakter_kepemimpinan` (
  `id` int(11) NOT NULL,
  `nilai_target` int(11) NOT NULL,
  `tahun` int(11) NOT NULL
) ENGINE=InnoDB DEFAULT CHARSET=latin1;

-- --------------------------------------------------------

--
-- Table structure for table `kpi_karakter_sopanSantun`
--

CREATE TABLE `kpi_karakter_sopanSantun` (
  `id` int(11) NOT NULL,
  `nilai_target` int(11) NOT NULL,
  `tahun` int(11) NOT NULL
) ENGINE=InnoDB DEFAULT CHARSET=latin1;

-- --------------------------------------------------------

--
-- Table structure for table `kpi_karakter_tanggungJawab`
--

CREATE TABLE `kpi_karakter_tanggungJawab` (
  `id` int(11) NOT NULL,
  `nilai_target` int(11) NOT NULL,
  `tahun` int(11) NOT NULL
) ENGINE=InnoDB DEFAULT CHARSET=latin1;

-- --------------------------------------------------------

--
-- Table structure for table `kpi_prestasi`
--

CREATE TABLE `kpi_prestasi` (
  `kpi_prestasi_id` int(11) NOT NULL,
  `nilai_target` int(11) NOT NULL,
  `tahun` int(11) NOT NULL,
  `jenis` varchar(45) NOT NULL
) ENGINE=InnoDB DEFAULT CHARSET=latin1;

--
-- Dumping data for table `kpi_prestasi`
--

INSERT INTO `kpi_prestasi` (`kpi_prestasi_id`, `nilai_target`, `tahun`, `jenis`) VALUES
(5, 34, 2017, 'Akademik'),
(6, 12, 2018, 'Akademik'),
(7, 10, 2019, 'Akademik'),
(8, 15, 2020, 'Akademik'),
(9, 12, 2017, 'Non-Akademik'),
(10, 15, 2018, 'Non-Akademik'),
(11, 5, 2019, 'Non-Akademik'),
(12, 9, 2020, 'Non-Akademik');

-- --------------------------------------------------------

--
-- Table structure for table `users`
--

CREATE TABLE `users` (
  `id` int(11) NOT NULL,
  `first_name` varchar(25) COLLATE utf8_unicode_ci NOT NULL,
  `last_name` varchar(25) COLLATE utf8_unicode_ci NOT NULL,
  `username` varchar(45) COLLATE utf8_unicode_ci NOT NULL,
  `password` varchar(45) COLLATE utf8_unicode_ci NOT NULL,
  `email` varchar(50) COLLATE utf8_unicode_ci NOT NULL,
  `role` enum('administrator','yayasan','pegawai','pimpinan','keuangan') COLLATE utf8_unicode_ci DEFAULT NULL,
  `block_status` int(3) NOT NULL,
  `online_status` varchar(12) COLLATE utf8_unicode_ci NOT NULL,
  `time_online` timestamp NOT NULL DEFAULT CURRENT_TIMESTAMP ON UPDATE CURRENT_TIMESTAMP,
  `time_offline` timestamp NOT NULL DEFAULT CURRENT_TIMESTAMP ON UPDATE CURRENT_TIMESTAMP
) ENGINE=InnoDB DEFAULT CHARSET=utf8 COLLATE=utf8_unicode_ci;

--
-- Dumping data for table `users`
--

INSERT INTO `users` (`id`, `first_name`, `last_name`, `username`, `password`, `email`, `role`, `block_status`, `online_status`, `time_online`, `time_offline`) VALUES
(54, 'Administrator', '', 'administrator', '200ceb26807d6bf99fd6f4f0d1ca54d4', '', 'administrator', 0, 'online', '2021-08-16 23:30:52', '2021-08-16 23:30:52'),
(56, 'Pimpinan', '', 'pimpinan', '90973652b88fe07d05a4304f0a945de8', '', 'pimpinan', 0, 'offline', '2021-08-09 15:05:57', '2021-08-09 15:05:57');

--
-- Indexes for dumped tables
--

--
-- Indexes for table `dim_absensi`
--
ALTER TABLE `dim_absensi`
  ADD PRIMARY KEY (`id_absensi`);

--
-- Indexes for table `dim_guru`
--
ALTER TABLE `dim_guru`
  ADD PRIMARY KEY (`id_guru`);

--
-- Indexes for table `dim_prestasi`
--
ALTER TABLE `dim_prestasi`
  ADD PRIMARY KEY (`id_prestasi`);

--
-- Indexes for table `dim_siswa`
--
ALTER TABLE `dim_siswa`
  ADD PRIMARY KEY (`id_siswa`);

--
-- Indexes for table `dim_tingkatan`
--
ALTER TABLE `dim_tingkatan`
  ADD PRIMARY KEY (`id_tingkatan`);

--
-- Indexes for table `dim_waktu`
--
ALTER TABLE `dim_waktu`
  ADD PRIMARY KEY (`id_waktu`);

--
-- Indexes for table `fact_absensi`
--
ALTER TABLE `fact_absensi`
  ADD PRIMARY KEY (`id_fact_absensi`);

--
-- Indexes for table `fact_guru_ajar`
--
ALTER TABLE `fact_guru_ajar`
  ADD PRIMARY KEY (`id_guru_aja`);

--
-- Indexes for table `fact_karakter_siswa`
--
ALTER TABLE `fact_karakter_siswa`
  ADD PRIMARY KEY (`id_karakter_siswa`);

--
-- Indexes for table `fact_prestasi`
--
ALTER TABLE `fact_prestasi`
  ADD PRIMARY KEY (`id_fact_prestasi`);

--
-- Indexes for table `kpi_absensi`
--
ALTER TABLE `kpi_absensi`
  ADD PRIMARY KEY (`kpi_absensi_id`);

--
-- Indexes for table `kpi_karakter_disiplin`
--
ALTER TABLE `kpi_karakter_disiplin`
  ADD PRIMARY KEY (`id`);

--
-- Indexes for table `kpi_karakter_kejujuran`
--
ALTER TABLE `kpi_karakter_kejujuran`
  ADD PRIMARY KEY (`id`);

--
-- Indexes for table `kpi_karakter_kepemimpinan`
--
ALTER TABLE `kpi_karakter_kepemimpinan`
  ADD PRIMARY KEY (`id`);

--
-- Indexes for table `kpi_karakter_sopanSantun`
--
ALTER TABLE `kpi_karakter_sopanSantun`
  ADD PRIMARY KEY (`id`);

--
-- Indexes for table `kpi_karakter_tanggungJawab`
--
ALTER TABLE `kpi_karakter_tanggungJawab`
  ADD PRIMARY KEY (`id`);

--
-- Indexes for table `kpi_prestasi`
--
ALTER TABLE `kpi_prestasi`
  ADD PRIMARY KEY (`kpi_prestasi_id`);

--
-- Indexes for table `users`
--
ALTER TABLE `users`
  ADD PRIMARY KEY (`id`);

--
-- AUTO_INCREMENT for dumped tables
--

--
-- AUTO_INCREMENT for table `dim_absensi`
--
ALTER TABLE `dim_absensi`
  MODIFY `id_absensi` int(11) NOT NULL AUTO_INCREMENT, AUTO_INCREMENT=4;

--
-- AUTO_INCREMENT for table `dim_guru`
--
ALTER TABLE `dim_guru`
  MODIFY `id_guru` int(11) NOT NULL AUTO_INCREMENT, AUTO_INCREMENT=73;

--
-- AUTO_INCREMENT for table `dim_prestasi`
--
ALTER TABLE `dim_prestasi`
  MODIFY `id_prestasi` int(11) NOT NULL AUTO_INCREMENT, AUTO_INCREMENT=16;

--
-- AUTO_INCREMENT for table `dim_siswa`
--
ALTER TABLE `dim_siswa`
  MODIFY `id_siswa` int(11) NOT NULL AUTO_INCREMENT, AUTO_INCREMENT=305;

--
-- AUTO_INCREMENT for table `dim_tingkatan`
--
ALTER TABLE `dim_tingkatan`
  MODIFY `id_tingkatan` int(11) NOT NULL AUTO_INCREMENT, AUTO_INCREMENT=4;

--
-- AUTO_INCREMENT for table `dim_waktu`
--
ALTER TABLE `dim_waktu`
  MODIFY `id_waktu` int(11) NOT NULL AUTO_INCREMENT, AUTO_INCREMENT=918;

--
-- AUTO_INCREMENT for table `fact_absensi`
--
ALTER TABLE `fact_absensi`
  MODIFY `id_fact_absensi` int(11) NOT NULL AUTO_INCREMENT, AUTO_INCREMENT=847;

--
-- AUTO_INCREMENT for table `fact_guru_ajar`
--
ALTER TABLE `fact_guru_ajar`
  MODIFY `id_guru_aja` int(11) NOT NULL AUTO_INCREMENT, AUTO_INCREMENT=29;

--
-- AUTO_INCREMENT for table `fact_karakter_siswa`
--
ALTER TABLE `fact_karakter_siswa`
  MODIFY `id_karakter_siswa` int(11) NOT NULL AUTO_INCREMENT, AUTO_INCREMENT=305;

--
-- AUTO_INCREMENT for table `fact_prestasi`
--
ALTER TABLE `fact_prestasi`
  MODIFY `id_fact_prestasi` int(11) NOT NULL AUTO_INCREMENT, AUTO_INCREMENT=72;

--
-- AUTO_INCREMENT for table `kpi_absensi`
--
ALTER TABLE `kpi_absensi`
  MODIFY `kpi_absensi_id` int(11) NOT NULL AUTO_INCREMENT, AUTO_INCREMENT=7;

--
-- AUTO_INCREMENT for table `kpi_karakter_disiplin`
--
ALTER TABLE `kpi_karakter_disiplin`
  MODIFY `id` int(11) NOT NULL AUTO_INCREMENT;

--
-- AUTO_INCREMENT for table `kpi_karakter_kejujuran`
--
ALTER TABLE `kpi_karakter_kejujuran`
  MODIFY `id` int(11) NOT NULL AUTO_INCREMENT;

--
-- AUTO_INCREMENT for table `kpi_karakter_kepemimpinan`
--
ALTER TABLE `kpi_karakter_kepemimpinan`
  MODIFY `id` int(11) NOT NULL AUTO_INCREMENT;

--
-- AUTO_INCREMENT for table `kpi_karakter_sopanSantun`
--
ALTER TABLE `kpi_karakter_sopanSantun`
  MODIFY `id` int(11) NOT NULL AUTO_INCREMENT;

--
-- AUTO_INCREMENT for table `kpi_karakter_tanggungJawab`
--
ALTER TABLE `kpi_karakter_tanggungJawab`
  MODIFY `id` int(11) NOT NULL AUTO_INCREMENT;

--
-- AUTO_INCREMENT for table `kpi_prestasi`
--
ALTER TABLE `kpi_prestasi`
  MODIFY `kpi_prestasi_id` int(11) NOT NULL AUTO_INCREMENT, AUTO_INCREMENT=13;

--
-- AUTO_INCREMENT for table `users`
--
ALTER TABLE `users`
  MODIFY `id` int(11) NOT NULL AUTO_INCREMENT, AUTO_INCREMENT=57;
COMMIT;

/*!40101 SET CHARACTER_SET_CLIENT=@OLD_CHARACTER_SET_CLIENT */;
/*!40101 SET CHARACTER_SET_RESULTS=@OLD_CHARACTER_SET_RESULTS */;
/*!40101 SET COLLATION_CONNECTION=@OLD_COLLATION_CONNECTION */;
